-9,-11,aetxs9DrnidYYnQbRsDQ+t1IA7E=,XBxDv0gkTNud5lCnGngiZFz9TFk=
-8,-11,aetxs9DrnidYYnQbRsDQ+t1IA7E=,tvDjkuH5qImAjE5wxgMruh7V16E=
-8,-10,aetxs9DrnidYYnQbRsDQ+t1IA7E=,nwjkl5baMWWjaCJMcbdL3oPX9kU=
-9,-10,aetxs9DrnidYYnQbRsDQ+t1IA7E=,vaN2P0/L2wh49WOmVnfaNiqPTtI=
-6,-10,yEqZAyWFwtqFNlogpW8Tgkf8/KE=,QAzxkcubQE1hT5GhCmLDDBaNpnM=
-6,-11,yEqZAyWFwtqFNlogpW8Tgkf8/KE=,Vb3eB0JCFcz3tit2Ugbp5VKfzQQ=
-7,-11,yEqZAyWFwtqFNlogpW8Tgkf8/KE=,tvDjkuH5qImAjE5wxgMruh7V16E=
-7,-10,yEqZAyWFwtqFNlogpW8Tgkf8/KE=,nwjkl5baMWWjaCJMcbdL3oPX9kU=
-6,-9,yEqZAyWFwtqFNlogpW8Tgkf8/KE=,QAzxkcubQE1hT5GhCmLDDBaNpnM=
-7,-8,yEqZAyWFwtqFNlogpW8Tgkf8/KE=,pvnmr7KW5e0GgPS23GN+1qr2Vfk=
-7,-9,yEqZAyWFwtqFNlogpW8Tgkf8/KE=,nwjkl5baMWWjaCJMcbdL3oPX9kU=
-6,-8,yEqZAyWFwtqFNlogpW8Tgkf8/KE=,VpJ9fQS/LVvsgS/bBm8xB1A13Lo=
-7,-6,yEqZAyWFwtqFNlogpW8Tgkf8/KE=,xgr9uIxGfjFZ+Pm3uWgNgvl7Aus=
-7,-7,yEqZAyWFwtqFNlogpW8Tgkf8/KE=,pvnmr7KW5e0GgPS23GN+1qr2Vfk=
-6,-7,yEqZAyWFwtqFNlogpW8Tgkf8/KE=,VpJ9fQS/LVvsgS/bBm8xB1A13Lo=
-6,-6,yEqZAyWFwtqFNlogpW8Tgkf8/KE=,3R46z5SY3lFoLNMMqceqILkTBiI=
-7,-4,yEqZAyWFwtqFNlogpW8Tgkf8/KE=,lQ5IwjViqA7wz8Azl3oYvfaJBzY=
-7,-5,yEqZAyWFwtqFNlogpW8Tgkf8/KE=,xgr9uIxGfjFZ+Pm3uWgNgvl7Aus=
-6,-4,yEqZAyWFwtqFNlogpW8Tgkf8/KE=,fr90YmCBbrI6tGUIqdmPogBUTdI=
-6,-5,yEqZAyWFwtqFNlogpW8Tgkf8/KE=,3R46z5SY3lFoLNMMqceqILkTBiI=
-6,-3,S3Z8NwUAxibv/SbK/A0aTxL6ccY=,fr90YmCBbrI6tGUIqdmPogBUTdI=
-7,-2,S3Z8NwUAxibv/SbK/A0aTxL6ccY=,Y7XzdKAC71zwDSHYik1PuVxUP6o=
-6,-2,S3Z8NwUAxibv/SbK/A0aTxL6ccY=,tv21pZK/Neu/9ZxrdE0GUArEsVw=
-7,-3,S3Z8NwUAxibv/SbK/A0aTxL6ccY=,lQ5IwjViqA7wz8Azl3oYvfaJBzY=
-5,-5,S3Z8NwUAxibv/SbK/A0aTxL6ccY=,3R46z5SY3lFoLNMMqceqILkTBiI=
-5,-4,S3Z8NwUAxibv/SbK/A0aTxL6ccY=,fr90YmCBbrI6tGUIqdmPogBUTdI=
-4,-5,S3Z8NwUAxibv/SbK/A0aTxL6ccY=,sArVxbOE+OXxBtFQKyISuGirvrY=
-4,-4,S3Z8NwUAxibv/SbK/A0aTxL6ccY=,2KZaaKOS7PGs8T6AdJBZJ2DQRXM=
-5,-2,S3Z8NwUAxibv/SbK/A0aTxL6ccY=,tv21pZK/Neu/9ZxrdE0GUArEsVw=
-4,-2,S3Z8NwUAxibv/SbK/A0aTxL6ccY=,PUPuYDs6WxvM8TKCpIp/Fpdp9sw=
-5,-3,S3Z8NwUAxibv/SbK/A0aTxL6ccY=,fr90YmCBbrI6tGUIqdmPogBUTdI=
-4,-3,S3Z8NwUAxibv/SbK/A0aTxL6ccY=,2KZaaKOS7PGs8T6AdJBZJ2DQRXM=
-2,-4,9BANZItTnYhqJVeee+chLoxMFRE=,J2xIFY7e37DWjiItqwin3Y8lluo=
-3,-4,9BANZItTnYhqJVeee+chLoxMFRE=,2KZaaKOS7PGs8T6AdJBZJ2DQRXM=
-3,-5,9BANZItTnYhqJVeee+chLoxMFRE=,sArVxbOE+OXxBtFQKyISuGirvrY=
-2,-5,9BANZItTnYhqJVeee+chLoxMFRE=,Ihgr8xKe43Jnn+F0280Cpjlcjic=
-5,-8,9BANZItTnYhqJVeee+chLoxMFRE=,VpJ9fQS/LVvsgS/bBm8xB1A13Lo=
-5,-6,9BANZItTnYhqJVeee+chLoxMFRE=,3R46z5SY3lFoLNMMqceqILkTBiI=
-5,-7,9BANZItTnYhqJVeee+chLoxMFRE=,VpJ9fQS/LVvsgS/bBm8xB1A13Lo=
-5,-9,9BANZItTnYhqJVeee+chLoxMFRE=,QAzxkcubQE1hT5GhCmLDDBaNpnM=
-4,-9,9BANZItTnYhqJVeee+chLoxMFRE=,cZr434wQm/pEO7ZhfEnTBOAH3Zk=
-4,-7,9BANZItTnYhqJVeee+chLoxMFRE=,gmvgZ9KRCZMGLEysZnh2IBPUY/s=
-4,-6,9BANZItTnYhqJVeee+chLoxMFRE=,sArVxbOE+OXxBtFQKyISuGirvrY=
-2,-6,9BANZItTnYhqJVeee+chLoxMFRE=,Ihgr8xKe43Jnn+F0280Cpjlcjic=
-3,-6,9BANZItTnYhqJVeee+chLoxMFRE=,sArVxbOE+OXxBtFQKyISuGirvrY=
-5,-11,9BANZItTnYhqJVeee+chLoxMFRE=,Vb3eB0JCFcz3tit2Ugbp5VKfzQQ=
-3,-7,9BANZItTnYhqJVeee+chLoxMFRE=,gmvgZ9KRCZMGLEysZnh2IBPUY/s=
-4,-11,9BANZItTnYhqJVeee+chLoxMFRE=,Jbib+5wbyVUrBNyqca+ZFuCdtyE=
-4,-8,9BANZItTnYhqJVeee+chLoxMFRE=,gmvgZ9KRCZMGLEysZnh2IBPUY/s=
-5,-10,9BANZItTnYhqJVeee+chLoxMFRE=,QAzxkcubQE1hT5GhCmLDDBaNpnM=
-4,-10,9BANZItTnYhqJVeee+chLoxMFRE=,cZr434wQm/pEO7ZhfEnTBOAH3Zk=
-2,-7,9BANZItTnYhqJVeee+chLoxMFRE=,prfQ1PjjO+ySjpsyiZ8raK0jepw=
-2,-8,FDpccdKXkVJUNBeMQHtgM1icmbY=,prfQ1PjjO+ySjpsyiZ8raK0jepw=
-1,-6,FDpccdKXkVJUNBeMQHtgM1icmbY=,Ihgr8xKe43Jnn+F0280Cpjlcjic=
-1,-4,FDpccdKXkVJUNBeMQHtgM1icmbY=,J2xIFY7e37DWjiItqwin3Y8lluo=
-2,-9,FDpccdKXkVJUNBeMQHtgM1icmbY=,AvX2UQ/8En5A3nviWo5r52a9fpc=
-1,-7,FDpccdKXkVJUNBeMQHtgM1icmbY=,prfQ1PjjO+ySjpsyiZ8raK0jepw=
-1,-5,FDpccdKXkVJUNBeMQHtgM1icmbY=,Ihgr8xKe43Jnn+F0280Cpjlcjic=
-3,-9,FDpccdKXkVJUNBeMQHtgM1icmbY=,cZr434wQm/pEO7ZhfEnTBOAH3Zk=
-1,-8,FDpccdKXkVJUNBeMQHtgM1icmbY=,prfQ1PjjO+ySjpsyiZ8raK0jepw=
-3,-8,FDpccdKXkVJUNBeMQHtgM1icmbY=,gmvgZ9KRCZMGLEysZnh2IBPUY/s=
-1,-9,FDpccdKXkVJUNBeMQHtgM1icmbY=,AvX2UQ/8En5A3nviWo5r52a9fpc=
-5,-1,FDpccdKXkVJUNBeMQHtgM1icmbY=,tv21pZK/Neu/9ZxrdE0GUArEsVw=
-4,-1,FDpccdKXkVJUNBeMQHtgM1icmbY=,PUPuYDs6WxvM8TKCpIp/Fpdp9sw=
-6,-1,FDpccdKXkVJUNBeMQHtgM1icmbY=,tv21pZK/Neu/9ZxrdE0GUArEsVw=
-7,-1,FDpccdKXkVJUNBeMQHtgM1icmbY=,Y7XzdKAC71zwDSHYik1PuVxUP6o=
-2,-13,FDpccdKXkVJUNBeMQHtgM1icmbY=,db2zTTlrUcVUWlg+KI26bUkJMC4=
-2,-10,FDpccdKXkVJUNBeMQHtgM1icmbY=,AvX2UQ/8En5A3nviWo5r52a9fpc=
-3,-11,FDpccdKXkVJUNBeMQHtgM1icmbY=,Jbib+5wbyVUrBNyqca+ZFuCdtyE=
-2,-11,FDpccdKXkVJUNBeMQHtgM1icmbY=,Yx2v0Qtz/w7VV5WzICEdXJfzSUo=
-1,-13,FDpccdKXkVJUNBeMQHtgM1icmbY=,db2zTTlrUcVUWlg+KI26bUkJMC4=
-1,-12,FDpccdKXkVJUNBeMQHtgM1icmbY=,Yx2v0Qtz/w7VV5WzICEdXJfzSUo=
-1,-11,FDpccdKXkVJUNBeMQHtgM1icmbY=,Yx2v0Qtz/w7VV5WzICEdXJfzSUo=
-3,-12,FDpccdKXkVJUNBeMQHtgM1icmbY=,Jbib+5wbyVUrBNyqca+ZFuCdtyE=
-1,-10,FDpccdKXkVJUNBeMQHtgM1icmbY=,AvX2UQ/8En5A3nviWo5r52a9fpc=
-2,-12,FDpccdKXkVJUNBeMQHtgM1icmbY=,Yx2v0Qtz/w7VV5WzICEdXJfzSUo=
-3,-10,FDpccdKXkVJUNBeMQHtgM1icmbY=,cZr434wQm/pEO7ZhfEnTBOAH3Zk=
-9,-4,FDpccdKXkVJUNBeMQHtgM1icmbY=,8x8jUNSp35F8yGh8FwGHx2huBLE=
-9,-5,FDpccdKXkVJUNBeMQHtgM1icmbY=,xCUm+vHwhvOz2pd7KjOkcM7SZ9Y=
-8,-5,FDpccdKXkVJUNBeMQHtgM1icmbY=,xgr9uIxGfjFZ+Pm3uWgNgvl7Aus=
-8,-4,FDpccdKXkVJUNBeMQHtgM1icmbY=,lQ5IwjViqA7wz8Azl3oYvfaJBzY=
-3,-2,FDpccdKXkVJUNBeMQHtgM1icmbY=,PUPuYDs6WxvM8TKCpIp/Fpdp9sw=
-2,-2,FDpccdKXkVJUNBeMQHtgM1icmbY=,cjSqy3SU2UC+gYZHCOfXiMvhdZs=
-1,-2,FDpccdKXkVJUNBeMQHtgM1icmbY=,cjSqy3SU2UC+gYZHCOfXiMvhdZs=
-3,-3,FDpccdKXkVJUNBeMQHtgM1icmbY=,2KZaaKOS7PGs8T6AdJBZJ2DQRXM=
-2,-3,FDpccdKXkVJUNBeMQHtgM1icmbY=,J2xIFY7e37DWjiItqwin3Y8lluo=
-2,-1,FDpccdKXkVJUNBeMQHtgM1icmbY=,cjSqy3SU2UC+gYZHCOfXiMvhdZs=
-3,-1,FDpccdKXkVJUNBeMQHtgM1icmbY=,PUPuYDs6WxvM8TKCpIp/Fpdp9sw=
-1,-3,FDpccdKXkVJUNBeMQHtgM1icmbY=,J2xIFY7e37DWjiItqwin3Y8lluo=
-9,-2,UI4UEmBoldO0rSBB7BqG49RzPi0=,G2sYbgXEWZqfteQ3UQ0qGHEiUis=
-9,-3,UI4UEmBoldO0rSBB7BqG49RzPi0=,8x8jUNSp35F8yGh8FwGHx2huBLE=
-8,-3,UI4UEmBoldO0rSBB7BqG49RzPi0=,lQ5IwjViqA7wz8Azl3oYvfaJBzY=
-8,-2,UI4UEmBoldO0rSBB7BqG49RzPi0=,Y7XzdKAC71zwDSHYik1PuVxUP6o=
-10,-2,UI4UEmBoldO0rSBB7BqG49RzPi0=,G2sYbgXEWZqfteQ3UQ0qGHEiUis=
-11,-2,UI4UEmBoldO0rSBB7BqG49RzPi0=,7HJ9iviIBYKSysl2rxcG6qUbk68=
-11,-3,UI4UEmBoldO0rSBB7BqG49RzPi0=,q8GIh8lV2EmO+lraLo2+7qZj+Io=
-10,-3,UI4UEmBoldO0rSBB7BqG49RzPi0=,8x8jUNSp35F8yGh8FwGHx2huBLE=
-10,-1,UI4UEmBoldO0rSBB7BqG49RzPi0=,G2sYbgXEWZqfteQ3UQ0qGHEiUis=
-11,-1,UI4UEmBoldO0rSBB7BqG49RzPi0=,7HJ9iviIBYKSysl2rxcG6qUbk68=
-8,-1,UI4UEmBoldO0rSBB7BqG49RzPi0=,Y7XzdKAC71zwDSHYik1PuVxUP6o=
-9,-1,UI4UEmBoldO0rSBB7BqG49RzPi0=,G2sYbgXEWZqfteQ3UQ0qGHEiUis=
-12,-3,UI4UEmBoldO0rSBB7BqG49RzPi0=,q8GIh8lV2EmO+lraLo2+7qZj+Io=
-12,-2,UI4UEmBoldO0rSBB7BqG49RzPi0=,7HJ9iviIBYKSysl2rxcG6qUbk68=
-12,-1,UI4UEmBoldO0rSBB7BqG49RzPi0=,7HJ9iviIBYKSysl2rxcG6qUbk68=
-13,-2,UI4UEmBoldO0rSBB7BqG49RzPi0=,rIvJe05O2EZn0Q3lznnUWY4vL9s=
-13,-3,UI4UEmBoldO0rSBB7BqG49RzPi0=,N6Vc0Um86fRwdvRNusyafqTW+hk=
-13,-1,UI4UEmBoldO0rSBB7BqG49RzPi0=,rIvJe05O2EZn0Q3lznnUWY4vL9s=
-14,-2,UI4UEmBoldO0rSBB7BqG49RzPi0=,rIvJe05O2EZn0Q3lznnUWY4vL9s=
-16,-2,UI4UEmBoldO0rSBB7BqG49RzPi0=,L+vrHv6rhvSun3kxRGmUOBT746w=
-15,-1,UI4UEmBoldO0rSBB7BqG49RzPi0=,L+vrHv6rhvSun3kxRGmUOBT746w=
-15,-2,UI4UEmBoldO0rSBB7BqG49RzPi0=,L+vrHv6rhvSun3kxRGmUOBT746w=
-14,-3,UI4UEmBoldO0rSBB7BqG49RzPi0=,N6Vc0Um86fRwdvRNusyafqTW+hk=
-14,-1,UI4UEmBoldO0rSBB7BqG49RzPi0=,rIvJe05O2EZn0Q3lznnUWY4vL9s=
-16,-1,UI4UEmBoldO0rSBB7BqG49RzPi0=,L+vrHv6rhvSun3kxRGmUOBT746w=
-16,-3,UI4UEmBoldO0rSBB7BqG49RzPi0=,AtXa7aO1eoGVuwSoGfd1lRcs+1A=
-15,-3,UI4UEmBoldO0rSBB7BqG49RzPi0=,AtXa7aO1eoGVuwSoGfd1lRcs+1A=
-12,-12,UI4UEmBoldO0rSBB7BqG49RzPi0=,iqym0YAZKPy3atcLY52XbZFnIYY=
-12,-13,UI4UEmBoldO0rSBB7BqG49RzPi0=,UyuL20iMlQfnJAbPyFMKYaemIz4=
-13,-12,UI4UEmBoldO0rSBB7BqG49RzPi0=,zB24sZ9N/bCtKGk+FSW+H1tPkLE=
-13,-13,UI4UEmBoldO0rSBB7BqG49RzPi0=,pTFGUStPdT9ZOBi9p5ui958xRWM=
-14,-12,zRgsgpR+kPS3eCj9BZd/1BkyvQQ=,zB24sZ9N/bCtKGk+FSW+H1tPkLE=
-14,-13,zRgsgpR+kPS3eCj9BZd/1BkyvQQ=,pTFGUStPdT9ZOBi9p5ui958xRWM=
-10,-12,zRgsgpR+kPS3eCj9BZd/1BkyvQQ=,XBxDv0gkTNud5lCnGngiZFz9TFk=
-11,-12,zRgsgpR+kPS3eCj9BZd/1BkyvQQ=,iqym0YAZKPy3atcLY52XbZFnIYY=
-11,-13,zRgsgpR+kPS3eCj9BZd/1BkyvQQ=,UyuL20iMlQfnJAbPyFMKYaemIz4=
-15,-13,zRgsgpR+kPS3eCj9BZd/1BkyvQQ=,2Yrep2VXXU4N8HCVsBZ7t8EyoRM=
-12,-16,zRgsgpR+kPS3eCj9BZd/1BkyvQQ=,TRzGizTUZUmnM7uWoMXVABYCnKQ=
-11,-16,zRgsgpR+kPS3eCj9BZd/1BkyvQQ=,TRzGizTUZUmnM7uWoMXVABYCnKQ=
-12,-14,zRgsgpR+kPS3eCj9BZd/1BkyvQQ=,UyuL20iMlQfnJAbPyFMKYaemIz4=
-12,-15,zRgsgpR+kPS3eCj9BZd/1BkyvQQ=,TRzGizTUZUmnM7uWoMXVABYCnKQ=
-11,-14,zRgsgpR+kPS3eCj9BZd/1BkyvQQ=,UyuL20iMlQfnJAbPyFMKYaemIz4=
-11,-15,zRgsgpR+kPS3eCj9BZd/1BkyvQQ=,TRzGizTUZUmnM7uWoMXVABYCnKQ=
-13,-14,zRgsgpR+kPS3eCj9BZd/1BkyvQQ=,pTFGUStPdT9ZOBi9p5ui958xRWM=
-13,-16,zRgsgpR+kPS3eCj9BZd/1BkyvQQ=,2kG7IN2QOv8pHLWXkBa5gaLH5iQ=
-13,-15,zRgsgpR+kPS3eCj9BZd/1BkyvQQ=,2kG7IN2QOv8pHLWXkBa5gaLH5iQ=
-14,-14,zRgsgpR+kPS3eCj9BZd/1BkyvQQ=,pTFGUStPdT9ZOBi9p5ui958xRWM=
-14,-16,zRgsgpR+kPS3eCj9BZd/1BkyvQQ=,2kG7IN2QOv8pHLWXkBa5gaLH5iQ=
-16,-14,zRgsgpR+kPS3eCj9BZd/1BkyvQQ=,2Yrep2VXXU4N8HCVsBZ7t8EyoRM=
-14,-15,zRgsgpR+kPS3eCj9BZd/1BkyvQQ=,2kG7IN2QOv8pHLWXkBa5gaLH5iQ=
-15,-14,zRgsgpR+kPS3eCj9BZd/1BkyvQQ=,2Yrep2VXXU4N8HCVsBZ7t8EyoRM=
-16,-16,zRgsgpR+kPS3eCj9BZd/1BkyvQQ=,KrzAamoNJ6ds8Klx4Yzy5On3w6g=
-15,-16,zRgsgpR+kPS3eCj9BZd/1BkyvQQ=,KrzAamoNJ6ds8Klx4Yzy5On3w6g=
-15,-15,zRgsgpR+kPS3eCj9BZd/1BkyvQQ=,KrzAamoNJ6ds8Klx4Yzy5On3w6g=
-16,-15,zRgsgpR+kPS3eCj9BZd/1BkyvQQ=,KrzAamoNJ6ds8Klx4Yzy5On3w6g=
-2,-15,zRgsgpR+kPS3eCj9BZd/1BkyvQQ=,C3JdJF8/Fab+aX+QBQiVqpZYKN8=
-2,-14,zRgsgpR+kPS3eCj9BZd/1BkyvQQ=,db2zTTlrUcVUWlg+KI26bUkJMC4=
-5,-16,zRgsgpR+kPS3eCj9BZd/1BkyvQQ=,8M7IDkzrtAvCrhGXHq8EHSU4cg4=
-10,-11,zRgsgpR+kPS3eCj9BZd/1BkyvQQ=,XBxDv0gkTNud5lCnGngiZFz9TFk=
-11,-11,zRgsgpR+kPS3eCj9BZd/1BkyvQQ=,iqym0YAZKPy3atcLY52XbZFnIYY=
-10,-10,zRgsgpR+kPS3eCj9BZd/1BkyvQQ=,vaN2P0/L2wh49WOmVnfaNiqPTtI=
-12,-11,zRgsgpR+kPS3eCj9BZd/1BkyvQQ=,iqym0YAZKPy3atcLY52XbZFnIYY=
-13,-11,zRgsgpR+kPS3eCj9BZd/1BkyvQQ=,zB24sZ9N/bCtKGk+FSW+H1tPkLE=
-9,-6,zRgsgpR+kPS3eCj9BZd/1BkyvQQ=,xCUm+vHwhvOz2pd7KjOkcM7SZ9Y=
-9,-9,zRgsgpR+kPS3eCj9BZd/1BkyvQQ=,vaN2P0/L2wh49WOmVnfaNiqPTtI=
-8,-7,zRgsgpR+kPS3eCj9BZd/1BkyvQQ=,pvnmr7KW5e0GgPS23GN+1qr2Vfk=
-8,-8,zRgsgpR+kPS3eCj9BZd/1BkyvQQ=,pvnmr7KW5e0GgPS23GN+1qr2Vfk=
-8,-6,zRgsgpR+kPS3eCj9BZd/1BkyvQQ=,xgr9uIxGfjFZ+Pm3uWgNgvl7Aus=
-8,-9,zRgsgpR+kPS3eCj9BZd/1BkyvQQ=,nwjkl5baMWWjaCJMcbdL3oPX9kU=
-10,-9,zRgsgpR+kPS3eCj9BZd/1BkyvQQ=,vaN2P0/L2wh49WOmVnfaNiqPTtI=
-14,-4,zRgsgpR+kPS3eCj9BZd/1BkyvQQ=,N6Vc0Um86fRwdvRNusyafqTW+hk=
-15,-4,zRgsgpR+kPS3eCj9BZd/1BkyvQQ=,AtXa7aO1eoGVuwSoGfd1lRcs+1A=
-16,-4,zRgsgpR+kPS3eCj9BZd/1BkyvQQ=,AtXa7aO1eoGVuwSoGfd1lRcs+1A=
-10,-6,zRgsgpR+kPS3eCj9BZd/1BkyvQQ=,xCUm+vHwhvOz2pd7KjOkcM7SZ9Y=
-16,-13,zRgsgpR+kPS3eCj9BZd/1BkyvQQ=,2Yrep2VXXU4N8HCVsBZ7t8EyoRM=
-10,-4,zRgsgpR+kPS3eCj9BZd/1BkyvQQ=,8x8jUNSp35F8yGh8FwGHx2huBLE=
-10,-5,zRgsgpR+kPS3eCj9BZd/1BkyvQQ=,xCUm+vHwhvOz2pd7KjOkcM7SZ9Y=
-12,-4,zRgsgpR+kPS3eCj9BZd/1BkyvQQ=,q8GIh8lV2EmO+lraLo2+7qZj+Io=
-11,-4,zRgsgpR+kPS3eCj9BZd/1BkyvQQ=,q8GIh8lV2EmO+lraLo2+7qZj+Io=
-13,-4,zRgsgpR+kPS3eCj9BZd/1BkyvQQ=,N6Vc0Um86fRwdvRNusyafqTW+hk=
-9,-12,zRgsgpR+kPS3eCj9BZd/1BkyvQQ=,XBxDv0gkTNud5lCnGngiZFz9TFk=
-8,-13,zRgsgpR+kPS3eCj9BZd/1BkyvQQ=,aA9VM1DWVT2bauD+WPeT4t3quV0=
-8,-12,zRgsgpR+kPS3eCj9BZd/1BkyvQQ=,tvDjkuH5qImAjE5wxgMruh7V16E=
-14,-11,zRgsgpR+kPS3eCj9BZd/1BkyvQQ=,zB24sZ9N/bCtKGk+FSW+H1tPkLE=
-1,-14,zRgsgpR+kPS3eCj9BZd/1BkyvQQ=,db2zTTlrUcVUWlg+KI26bUkJMC4=
-1,-15,zRgsgpR+kPS3eCj9BZd/1BkyvQQ=,C3JdJF8/Fab+aX+QBQiVqpZYKN8=
-2,-16,zRgsgpR+kPS3eCj9BZd/1BkyvQQ=,C3JdJF8/Fab+aX+QBQiVqpZYKN8=
-1,-16,zRgsgpR+kPS3eCj9BZd/1BkyvQQ=,C3JdJF8/Fab+aX+QBQiVqpZYKN8=
-1,-1,zRgsgpR+kPS3eCj9BZd/1BkyvQQ=,cjSqy3SU2UC+gYZHCOfXiMvhdZs=
-7,-12,zRgsgpR+kPS3eCj9BZd/1BkyvQQ=,tvDjkuH5qImAjE5wxgMruh7V16E=
-7,-13,zRgsgpR+kPS3eCj9BZd/1BkyvQQ=,aA9VM1DWVT2bauD+WPeT4t3quV0=
-4,-12,zRgsgpR+kPS3eCj9BZd/1BkyvQQ=,Jbib+5wbyVUrBNyqca+ZFuCdtyE=
-5,-14,zRgsgpR+kPS3eCj9BZd/1BkyvQQ=,HTqYo6Da4hZ1aIafinTt/2jsakM=
-5,-15,zRgsgpR+kPS3eCj9BZd/1BkyvQQ=,8M7IDkzrtAvCrhGXHq8EHSU4cg4=
-6,-13,zRgsgpR+kPS3eCj9BZd/1BkyvQQ=,HTqYo6Da4hZ1aIafinTt/2jsakM=
-5,-12,zRgsgpR+kPS3eCj9BZd/1BkyvQQ=,Vb3eB0JCFcz3tit2Ugbp5VKfzQQ=
-8,-16,zRgsgpR+kPS3eCj9BZd/1BkyvQQ=,MAldohO4QNQyL7767lBuAqL8bbg=
-5,-13,zRgsgpR+kPS3eCj9BZd/1BkyvQQ=,HTqYo6Da4hZ1aIafinTt/2jsakM=
-6,-12,zRgsgpR+kPS3eCj9BZd/1BkyvQQ=,Vb3eB0JCFcz3tit2Ugbp5VKfzQQ=
-8,-15,zRgsgpR+kPS3eCj9BZd/1BkyvQQ=,MAldohO4QNQyL7767lBuAqL8bbg=
-7,-15,zRgsgpR+kPS3eCj9BZd/1BkyvQQ=,MAldohO4QNQyL7767lBuAqL8bbg=
-7,-14,zRgsgpR+kPS3eCj9BZd/1BkyvQQ=,aA9VM1DWVT2bauD+WPeT4t3quV0=
-8,-14,zRgsgpR+kPS3eCj9BZd/1BkyvQQ=,aA9VM1DWVT2bauD+WPeT4t3quV0=
-6,-15,zRgsgpR+kPS3eCj9BZd/1BkyvQQ=,8M7IDkzrtAvCrhGXHq8EHSU4cg4=
-7,-16,zRgsgpR+kPS3eCj9BZd/1BkyvQQ=,MAldohO4QNQyL7767lBuAqL8bbg=
-6,-16,zRgsgpR+kPS3eCj9BZd/1BkyvQQ=,8M7IDkzrtAvCrhGXHq8EHSU4cg4=
-6,-14,zRgsgpR+kPS3eCj9BZd/1BkyvQQ=,HTqYo6Da4hZ1aIafinTt/2jsakM=
-2,-29,RrwjSzzdyBDLzmUPK0bNRtZMHaU=,Nw1zUmu6PXv87ZAErYv6IH7oCHw=
-3,-28,RrwjSzzdyBDLzmUPK0bNRtZMHaU=,6vMduonMiCWDHu/6C/Up+qS74S4=
-2,-28,RrwjSzzdyBDLzmUPK0bNRtZMHaU=,OplGr65tmb9qT20/x+gY0kgq+0k=
-3,-29,RrwjSzzdyBDLzmUPK0bNRtZMHaU=,f5vZ33FNpOoFx9uER/3/CqN3ye4=
-5,-30,RrwjSzzdyBDLzmUPK0bNRtZMHaU=,OBTHRyo89Lyn58bueF0Llt+F6TU=
-4,-31,RrwjSzzdyBDLzmUPK0bNRtZMHaU=,1MZmqQHIy/WU0RGYmJ9+PLWfhLk=
-4,-30,RrwjSzzdyBDLzmUPK0bNRtZMHaU=,f5vZ33FNpOoFx9uER/3/CqN3ye4=
-5,-31,RrwjSzzdyBDLzmUPK0bNRtZMHaU=,bKXXbkERFJYQ6iZfWndbciXpydE=
-5,-28,RrwjSzzdyBDLzmUPK0bNRtZMHaU=,YQx/gTOoeEddM6NkQ95GwdB2Nm0=
-4,-28,RrwjSzzdyBDLzmUPK0bNRtZMHaU=,6vMduonMiCWDHu/6C/Up+qS74S4=
-4,-29,RrwjSzzdyBDLzmUPK0bNRtZMHaU=,f5vZ33FNpOoFx9uER/3/CqN3ye4=
-5,-29,RrwjSzzdyBDLzmUPK0bNRtZMHaU=,OBTHRyo89Lyn58bueF0Llt+F6TU=
-7,-27,RrwjSzzdyBDLzmUPK0bNRtZMHaU=,LtGUGqN30wqB6lwa+/Iavg2GHZk=
-6,-27,RrwjSzzdyBDLzmUPK0bNRtZMHaU=,YQx/gTOoeEddM6NkQ95GwdB2Nm0=
-8,-29,RrwjSzzdyBDLzmUPK0bNRtZMHaU=,Rz8MHuZZB7CFNmvTu3WFUCT6Fqk=
-8,-27,RrwjSzzdyBDLzmUPK0bNRtZMHaU=,LtGUGqN30wqB6lwa+/Iavg2GHZk=
-9,-27,RrwjSzzdyBDLzmUPK0bNRtZMHaU=,PqMJp5+MJeLWqNsGxghk5/vvZ0Y=
-7,-26,RrwjSzzdyBDLzmUPK0bNRtZMHaU=,+L2K/tT6c2EBo1BW+bIukXP8DK4=
-6,-29,RrwjSzzdyBDLzmUPK0bNRtZMHaU=,OBTHRyo89Lyn58bueF0Llt+F6TU=
-9,-28,RrwjSzzdyBDLzmUPK0bNRtZMHaU=,PqMJp5+MJeLWqNsGxghk5/vvZ0Y=
-7,-28,RrwjSzzdyBDLzmUPK0bNRtZMHaU=,LtGUGqN30wqB6lwa+/Iavg2GHZk=
-8,-28,RrwjSzzdyBDLzmUPK0bNRtZMHaU=,LtGUGqN30wqB6lwa+/Iavg2GHZk=
-7,-29,RrwjSzzdyBDLzmUPK0bNRtZMHaU=,Rz8MHuZZB7CFNmvTu3WFUCT6Fqk=
-6,-28,RrwjSzzdyBDLzmUPK0bNRtZMHaU=,YQx/gTOoeEddM6NkQ95GwdB2Nm0=
-8,-26,RrwjSzzdyBDLzmUPK0bNRtZMHaU=,+L2K/tT6c2EBo1BW+bIukXP8DK4=
-8,-25,RrwjSzzdyBDLzmUPK0bNRtZMHaU=,+L2K/tT6c2EBo1BW+bIukXP8DK4=
-8,-24,RrwjSzzdyBDLzmUPK0bNRtZMHaU=,Dum8ks7oAJuIdVPwAWc9xEu1Tfw=
-7,-21,EcPvQ9wHemsGASOPD1T6b+KYJFI=,OIyUcn1N2Ee/6PxObVZqbZ2hxwo=
-7,-20,EcPvQ9wHemsGASOPD1T6b+KYJFI=,GqqA1PVAy2MnirSs+Dx0aPUmitQ=
-9,-18,EcPvQ9wHemsGASOPD1T6b+KYJFI=,dL88xBy+wOLDAtUC0CFOIGoAHak=
-8,-18,EcPvQ9wHemsGASOPD1T6b+KYJFI=,hi8wS0nZScB1xgg6ReBvmxMRrKs=
-8,-19,EcPvQ9wHemsGASOPD1T6b+KYJFI=,GqqA1PVAy2MnirSs+Dx0aPUmitQ=
-7,-19,EcPvQ9wHemsGASOPD1T6b+KYJFI=,GqqA1PVAy2MnirSs+Dx0aPUmitQ=
-6,-18,EcPvQ9wHemsGASOPD1T6b+KYJFI=,TxW89DQFHEkKvSiK/HFJ5COQLtc=
-7,-18,EcPvQ9wHemsGASOPD1T6b+KYJFI=,hi8wS0nZScB1xgg6ReBvmxMRrKs=
-4,-18,EcPvQ9wHemsGASOPD1T6b+KYJFI=,yD3C5Ysc5m3UOGkpU0PEnKY7LVA=
-5,-18,EcPvQ9wHemsGASOPD1T6b+KYJFI=,TxW89DQFHEkKvSiK/HFJ5COQLtc=
-4,-19,EcPvQ9wHemsGASOPD1T6b+KYJFI=,d4seaqeLas7zB+SJOyX5279xmZY=
-4,-20,EcPvQ9wHemsGASOPD1T6b+KYJFI=,d4seaqeLas7zB+SJOyX5279xmZY=
-4,-21,EcPvQ9wHemsGASOPD1T6b+KYJFI=,vx3u7h4bYaS/J3KI423o5Edjz+4=
-2,-19,EcPvQ9wHemsGASOPD1T6b+KYJFI=,bD6OKwx+bG0O/BeDPbLITAfZynA=
-2,-18,EcPvQ9wHemsGASOPD1T6b+KYJFI=,jOoh3AQnBiyrKSa1EObO6YDR/7Y=
-3,-18,EcPvQ9wHemsGASOPD1T6b+KYJFI=,yD3C5Ysc5m3UOGkpU0PEnKY7LVA=
-3,-19,EcPvQ9wHemsGASOPD1T6b+KYJFI=,d4seaqeLas7zB+SJOyX5279xmZY=
-3,-21,npTqfGa8Eo1QBvWF1AepARr8zVQ=,vx3u7h4bYaS/J3KI423o5Edjz+4=
-2,-21,npTqfGa8Eo1QBvWF1AepARr8zVQ=,KeNZkTLUfrX2AfBuvbz3Wg/zwI8=
-2,-20,npTqfGa8Eo1QBvWF1AepARr8zVQ=,bD6OKwx+bG0O/BeDPbLITAfZynA=
-2,-26,npTqfGa8Eo1QBvWF1AepARr8zVQ=,XdLX/6q33OzoFC0DaZR/fUzLJXo=
-4,-26,npTqfGa8Eo1QBvWF1AepARr8zVQ=,Go+AaWqQmttUYMFy9qFtxMadxj4=
-3,-20,npTqfGa8Eo1QBvWF1AepARr8zVQ=,d4seaqeLas7zB+SJOyX5279xmZY=
-5,-27,npTqfGa8Eo1QBvWF1AepARr8zVQ=,YQx/gTOoeEddM6NkQ95GwdB2Nm0=
-1,-19,npTqfGa8Eo1QBvWF1AepARr8zVQ=,bD6OKwx+bG0O/BeDPbLITAfZynA=
-3,-26,npTqfGa8Eo1QBvWF1AepARr8zVQ=,Go+AaWqQmttUYMFy9qFtxMadxj4=
-1,-20,npTqfGa8Eo1QBvWF1AepARr8zVQ=,bD6OKwx+bG0O/BeDPbLITAfZynA=
-4,-27,npTqfGa8Eo1QBvWF1AepARr8zVQ=,6vMduonMiCWDHu/6C/Up+qS74S4=
-2,-27,npTqfGa8Eo1QBvWF1AepARr8zVQ=,OplGr65tmb9qT20/x+gY0kgq+0k=
-3,-27,npTqfGa8Eo1QBvWF1AepARr8zVQ=,6vMduonMiCWDHu/6C/Up+qS74S4=
-1,-21,npTqfGa8Eo1QBvWF1AepARr8zVQ=,KeNZkTLUfrX2AfBuvbz3Wg/zwI8=
-1,-18,npTqfGa8Eo1QBvWF1AepARr8zVQ=,jOoh3AQnBiyrKSa1EObO6YDR/7Y=
-1,-26,npTqfGa8Eo1QBvWF1AepARr8zVQ=,XdLX/6q33OzoFC0DaZR/fUzLJXo=
-1,-27,npTqfGa8Eo1QBvWF1AepARr8zVQ=,OplGr65tmb9qT20/x+gY0kgq+0k=
-1,-29,npTqfGa8Eo1QBvWF1AepARr8zVQ=,Nw1zUmu6PXv87ZAErYv6IH7oCHw=
-1,-28,npTqfGa8Eo1QBvWF1AepARr8zVQ=,OplGr65tmb9qT20/x+gY0kgq+0k=
-4,-32,npTqfGa8Eo1QBvWF1AepARr8zVQ=,1MZmqQHIy/WU0RGYmJ9+PLWfhLk=
-5,-32,npTqfGa8Eo1QBvWF1AepARr8zVQ=,bKXXbkERFJYQ6iZfWndbciXpydE=
-6,-31,npTqfGa8Eo1QBvWF1AepARr8zVQ=,bKXXbkERFJYQ6iZfWndbciXpydE=
-6,-30,npTqfGa8Eo1QBvWF1AepARr8zVQ=,OBTHRyo89Lyn58bueF0Llt+F6TU=
-7,-30,npTqfGa8Eo1QBvWF1AepARr8zVQ=,Rz8MHuZZB7CFNmvTu3WFUCT6Fqk=
-1,-17,npTqfGa8Eo1QBvWF1AepARr8zVQ=,jOoh3AQnBiyrKSa1EObO6YDR/7Y=
-2,-17,npTqfGa8Eo1QBvWF1AepARr8zVQ=,jOoh3AQnBiyrKSa1EObO6YDR/7Y=
-3,-17,npTqfGa8Eo1QBvWF1AepARr8zVQ=,yD3C5Ysc5m3UOGkpU0PEnKY7LVA=
-9,-17,npTqfGa8Eo1QBvWF1AepARr8zVQ=,dL88xBy+wOLDAtUC0CFOIGoAHak=
-2,-25,npTqfGa8Eo1QBvWF1AepARr8zVQ=,XdLX/6q33OzoFC0DaZR/fUzLJXo=
-3,-24,npTqfGa8Eo1QBvWF1AepARr8zVQ=,uqIHK2aylFkJLBtthagm35j6GCQ=
-8,-17,npTqfGa8Eo1QBvWF1AepARr8zVQ=,hi8wS0nZScB1xgg6ReBvmxMRrKs=
-2,-22,npTqfGa8Eo1QBvWF1AepARr8zVQ=,KeNZkTLUfrX2AfBuvbz3Wg/zwI8=
-3,-25,npTqfGa8Eo1QBvWF1AepARr8zVQ=,Go+AaWqQmttUYMFy9qFtxMadxj4=
-1,-25,npTqfGa8Eo1QBvWF1AepARr8zVQ=,XdLX/6q33OzoFC0DaZR/fUzLJXo=
-1,-22,npTqfGa8Eo1QBvWF1AepARr8zVQ=,KeNZkTLUfrX2AfBuvbz3Wg/zwI8=
-7,-17,npTqfGa8Eo1QBvWF1AepARr8zVQ=,hi8wS0nZScB1xgg6ReBvmxMRrKs=
-3,-22,npTqfGa8Eo1QBvWF1AepARr8zVQ=,vx3u7h4bYaS/J3KI423o5Edjz+4=
-3,-23,npTqfGa8Eo1QBvWF1AepARr8zVQ=,uqIHK2aylFkJLBtthagm35j6GCQ=
-6,-17,npTqfGa8Eo1QBvWF1AepARr8zVQ=,TxW89DQFHEkKvSiK/HFJ5COQLtc=
-2,-23,npTqfGa8Eo1QBvWF1AepARr8zVQ=,8AK8Qnvt7XIsBGEcxCpuInCKJtE=
-2,-24,npTqfGa8Eo1QBvWF1AepARr8zVQ=,8AK8Qnvt7XIsBGEcxCpuInCKJtE=
-4,-17,npTqfGa8Eo1QBvWF1AepARr8zVQ=,yD3C5Ysc5m3UOGkpU0PEnKY7LVA=
-1,-24,npTqfGa8Eo1QBvWF1AepARr8zVQ=,8AK8Qnvt7XIsBGEcxCpuInCKJtE=
-5,-17,npTqfGa8Eo1QBvWF1AepARr8zVQ=,TxW89DQFHEkKvSiK/HFJ5COQLtc=
-8,-23,npTqfGa8Eo1QBvWF1AepARr8zVQ=,Dum8ks7oAJuIdVPwAWc9xEu1Tfw=
-8,-20,npTqfGa8Eo1QBvWF1AepARr8zVQ=,GqqA1PVAy2MnirSs+Dx0aPUmitQ=
-1,-23,npTqfGa8Eo1QBvWF1AepARr8zVQ=,8AK8Qnvt7XIsBGEcxCpuInCKJtE=
-8,-21,npTqfGa8Eo1QBvWF1AepARr8zVQ=,OIyUcn1N2Ee/6PxObVZqbZ2hxwo=
-8,-22,npTqfGa8Eo1QBvWF1AepARr8zVQ=,OIyUcn1N2Ee/6PxObVZqbZ2hxwo=
-11,-17,npTqfGa8Eo1QBvWF1AepARr8zVQ=,k2ZAc06L9r4q6VPY01dFDRyVsBw=
-12,-18,npTqfGa8Eo1QBvWF1AepARr8zVQ=,k2ZAc06L9r4q6VPY01dFDRyVsBw=
-11,-18,npTqfGa8Eo1QBvWF1AepARr8zVQ=,k2ZAc06L9r4q6VPY01dFDRyVsBw=
-12,-17,npTqfGa8Eo1QBvWF1AepARr8zVQ=,k2ZAc06L9r4q6VPY01dFDRyVsBw=
-10,-17,npTqfGa8Eo1QBvWF1AepARr8zVQ=,dL88xBy+wOLDAtUC0CFOIGoAHak=
-10,-18,npTqfGa8Eo1QBvWF1AepARr8zVQ=,dL88xBy+wOLDAtUC0CFOIGoAHak=
-7,-24,npTqfGa8Eo1QBvWF1AepARr8zVQ=,Dum8ks7oAJuIdVPwAWc9xEu1Tfw=
-4,-25,npTqfGa8Eo1QBvWF1AepARr8zVQ=,Go+AaWqQmttUYMFy9qFtxMadxj4=
-7,-25,npTqfGa8Eo1QBvWF1AepARr8zVQ=,+L2K/tT6c2EBo1BW+bIukXP8DK4=
-4,-24,npTqfGa8Eo1QBvWF1AepARr8zVQ=,uqIHK2aylFkJLBtthagm35j6GCQ=
-4,-23,npTqfGa8Eo1QBvWF1AepARr8zVQ=,uqIHK2aylFkJLBtthagm35j6GCQ=
-7,-22,npTqfGa8Eo1QBvWF1AepARr8zVQ=,OIyUcn1N2Ee/6PxObVZqbZ2hxwo=
-14,-27,npTqfGa8Eo1QBvWF1AepARr8zVQ=,GPasM1khGNejg1UbaMPFrYc/uC4=
-15,-27,npTqfGa8Eo1QBvWF1AepARr8zVQ=,aCf2Y5H4PfUagU61udJ02E9U8rk=
-14,-28,npTqfGa8Eo1QBvWF1AepARr8zVQ=,GPasM1khGNejg1UbaMPFrYc/uC4=
-7,-23,npTqfGa8Eo1QBvWF1AepARr8zVQ=,Dum8ks7oAJuIdVPwAWc9xEu1Tfw=
-4,-22,npTqfGa8Eo1QBvWF1AepARr8zVQ=,vx3u7h4bYaS/J3KI423o5Edjz+4=
-8,-30,npTqfGa8Eo1QBvWF1AepARr8zVQ=,Rz8MHuZZB7CFNmvTu3WFUCT6Fqk=
-6,-32,npTqfGa8Eo1QBvWF1AepARr8zVQ=,bKXXbkERFJYQ6iZfWndbciXpydE=
-15,-28,npTqfGa8Eo1QBvWF1AepARr8zVQ=,aCf2Y5H4PfUagU61udJ02E9U8rk=
-16,-27,npTqfGa8Eo1QBvWF1AepARr8zVQ=,aCf2Y5H4PfUagU61udJ02E9U8rk=
-16,-28,npTqfGa8Eo1QBvWF1AepARr8zVQ=,aCf2Y5H4PfUagU61udJ02E9U8rk=
-1,-30,npTqfGa8Eo1QBvWF1AepARr8zVQ=,Nw1zUmu6PXv87ZAErYv6IH7oCHw=
-3,-31,npTqfGa8Eo1QBvWF1AepARr8zVQ=,1MZmqQHIy/WU0RGYmJ9+PLWfhLk=
-1,-31,npTqfGa8Eo1QBvWF1AepARr8zVQ=,4RD7CMyn/vwTCIXTybMfeyTczyM=
-3,-32,npTqfGa8Eo1QBvWF1AepARr8zVQ=,1MZmqQHIy/WU0RGYmJ9+PLWfhLk=
-1,-32,npTqfGa8Eo1QBvWF1AepARr8zVQ=,4RD7CMyn/vwTCIXTybMfeyTczyM=
-2,-30,npTqfGa8Eo1QBvWF1AepARr8zVQ=,Nw1zUmu6PXv87ZAErYv6IH7oCHw=
-2,-32,npTqfGa8Eo1QBvWF1AepARr8zVQ=,4RD7CMyn/vwTCIXTybMfeyTczyM=
-10,-28,npTqfGa8Eo1QBvWF1AepARr8zVQ=,PqMJp5+MJeLWqNsGxghk5/vvZ0Y=
-11,-27,npTqfGa8Eo1QBvWF1AepARr8zVQ=,WKR3t+4zS2ahEKSVazxlXJCOUmg=
-3,-30,npTqfGa8Eo1QBvWF1AepARr8zVQ=,f5vZ33FNpOoFx9uER/3/CqN3ye4=
-12,-27,npTqfGa8Eo1QBvWF1AepARr8zVQ=,WKR3t+4zS2ahEKSVazxlXJCOUmg=
-13,-28,npTqfGa8Eo1QBvWF1AepARr8zVQ=,GPasM1khGNejg1UbaMPFrYc/uC4=
-11,-28,npTqfGa8Eo1QBvWF1AepARr8zVQ=,WKR3t+4zS2ahEKSVazxlXJCOUmg=
-10,-27,npTqfGa8Eo1QBvWF1AepARr8zVQ=,PqMJp5+MJeLWqNsGxghk5/vvZ0Y=
-13,-27,npTqfGa8Eo1QBvWF1AepARr8zVQ=,GPasM1khGNejg1UbaMPFrYc/uC4=
-12,-28,npTqfGa8Eo1QBvWF1AepARr8zVQ=,WKR3t+4zS2ahEKSVazxlXJCOUmg=
-2,-31,npTqfGa8Eo1QBvWF1AepARr8zVQ=,4RD7CMyn/vwTCIXTybMfeyTczyM=
-21,-27,KdsD1kWNYD2idUARMtAUjCogdFI=,QqELEX0elEg+HLHAAhOs8D1Lno0=
-20,-27,KdsD1kWNYD2idUARMtAUjCogdFI=,3JTiDsbJfwQUJh3yvNR6Pov0Z8w=
-22,-27,KdsD1kWNYD2idUARMtAUjCogdFI=,QqELEX0elEg+HLHAAhOs8D1Lno0=
-23,-27,KdsD1kWNYD2idUARMtAUjCogdFI=,BikP0WffZnJHcpA3L8VYh3sVflU=
-24,-27,KdsD1kWNYD2idUARMtAUjCogdFI=,BikP0WffZnJHcpA3L8VYh3sVflU=
-24,-28,KdsD1kWNYD2idUARMtAUjCogdFI=,BikP0WffZnJHcpA3L8VYh3sVflU=
-25,-27,KdsD1kWNYD2idUARMtAUjCogdFI=,OofvWIddV2BjVkj2NOcBpLBDIWw=
-25,-28,KdsD1kWNYD2idUARMtAUjCogdFI=,OofvWIddV2BjVkj2NOcBpLBDIWw=
-26,-27,KdsD1kWNYD2idUARMtAUjCogdFI=,OofvWIddV2BjVkj2NOcBpLBDIWw=
-27,-27,KdsD1kWNYD2idUARMtAUjCogdFI=,Esilnn/sXjsZiQZG9CwMWUFYSFo=
-26,-28,KdsD1kWNYD2idUARMtAUjCogdFI=,OofvWIddV2BjVkj2NOcBpLBDIWw=
-18,-28,KdsD1kWNYD2idUARMtAUjCogdFI=,ZmkekgGptcUYPM4Ucvf53EIByxA=
-27,-28,KdsD1kWNYD2idUARMtAUjCogdFI=,Esilnn/sXjsZiQZG9CwMWUFYSFo=
-19,-27,KdsD1kWNYD2idUARMtAUjCogdFI=,3JTiDsbJfwQUJh3yvNR6Pov0Z8w=
-18,-27,KdsD1kWNYD2idUARMtAUjCogdFI=,ZmkekgGptcUYPM4Ucvf53EIByxA=
-19,-28,KdsD1kWNYD2idUARMtAUjCogdFI=,3JTiDsbJfwQUJh3yvNR6Pov0Z8w=
-22,-28,KdsD1kWNYD2idUARMtAUjCogdFI=,QqELEX0elEg+HLHAAhOs8D1Lno0=
-21,-28,KdsD1kWNYD2idUARMtAUjCogdFI=,QqELEX0elEg+HLHAAhOs8D1Lno0=
-17,-28,KdsD1kWNYD2idUARMtAUjCogdFI=,ZmkekgGptcUYPM4Ucvf53EIByxA=
-17,-27,KdsD1kWNYD2idUARMtAUjCogdFI=,ZmkekgGptcUYPM4Ucvf53EIByxA=
-32,-30,KdsD1kWNYD2idUARMtAUjCogdFI=,vyHI4bqYyPwn91WijRXt2lD8nmo=
-31,-30,KdsD1kWNYD2idUARMtAUjCogdFI=,vyHI4bqYyPwn91WijRXt2lD8nmo=
-28,-27,KdsD1kWNYD2idUARMtAUjCogdFI=,Esilnn/sXjsZiQZG9CwMWUFYSFo=
-29,-28,KdsD1kWNYD2idUARMtAUjCogdFI=,YiO+8mhOi3hHKs0joq7fSrMk61E=
-28,-28,KdsD1kWNYD2idUARMtAUjCogdFI=,Esilnn/sXjsZiQZG9CwMWUFYSFo=
-29,-27,KdsD1kWNYD2idUARMtAUjCogdFI=,YiO+8mhOi3hHKs0joq7fSrMk61E=
-20,-28,KdsD1kWNYD2idUARMtAUjCogdFI=,3JTiDsbJfwQUJh3yvNR6Pov0Z8w=
-23,-28,KdsD1kWNYD2idUARMtAUjCogdFI=,BikP0WffZnJHcpA3L8VYh3sVflU=
-30,-28,QxGT1Wsd1dwSfyNXgX0DEmOKvds=,YiO+8mhOi3hHKs0joq7fSrMk61E=
-32,-29,QxGT1Wsd1dwSfyNXgX0DEmOKvds=,vyHI4bqYyPwn91WijRXt2lD8nmo=
-31,-27,QxGT1Wsd1dwSfyNXgX0DEmOKvds=,cdviv5kXX3igHWG8aJCcYdOGvCU=
-30,-27,QxGT1Wsd1dwSfyNXgX0DEmOKvds=,YiO+8mhOi3hHKs0joq7fSrMk61E=
-32,-28,QxGT1Wsd1dwSfyNXgX0DEmOKvds=,cdviv5kXX3igHWG8aJCcYdOGvCU=
-31,-29,QxGT1Wsd1dwSfyNXgX0DEmOKvds=,vyHI4bqYyPwn91WijRXt2lD8nmo=
-32,-27,QxGT1Wsd1dwSfyNXgX0DEmOKvds=,cdviv5kXX3igHWG8aJCcYdOGvCU=
-31,-28,QxGT1Wsd1dwSfyNXgX0DEmOKvds=,cdviv5kXX3igHWG8aJCcYdOGvCU=
-25,-4,gkIJ4BrQSbahAhLKPtiQGSmX6nE=,lXPbYGkQ8DPC4uMpWYw73PKGVzM=
-24,-4,gkIJ4BrQSbahAhLKPtiQGSmX6nE=,s8MxIz7h8HR04D25Rlb8SAF2lQI=
-25,-5,gkIJ4BrQSbahAhLKPtiQGSmX6nE=,FQPnLT2TZVxtCHO5RoEGzSU/iZ0=
-24,-5,gkIJ4BrQSbahAhLKPtiQGSmX6nE=,DOZXRMmeEFyzxN+K0hx3pWIeVFY=
-22,-6,gkIJ4BrQSbahAhLKPtiQGSmX6nE=,AiGzsY3bI4BYI0XDiyo/ibqupMw=
-23,-6,gkIJ4BrQSbahAhLKPtiQGSmX6nE=,DOZXRMmeEFyzxN+K0hx3pWIeVFY=
-22,-7,gkIJ4BrQSbahAhLKPtiQGSmX6nE=,bdkSUx10AcgNt1gqxtQgBcDdvEY=
-23,-7,gkIJ4BrQSbahAhLKPtiQGSmX6nE=,EG7tnvhcHo0O/AlIvs23uHg8KzY=
-22,-4,gkIJ4BrQSbahAhLKPtiQGSmX6nE=,KT0JVYoBrpVNQjEENNi0Uyt17Ps=
-23,-4,gkIJ4BrQSbahAhLKPtiQGSmX6nE=,s8MxIz7h8HR04D25Rlb8SAF2lQI=
-23,-5,gkIJ4BrQSbahAhLKPtiQGSmX6nE=,DOZXRMmeEFyzxN+K0hx3pWIeVFY=
-22,-5,gkIJ4BrQSbahAhLKPtiQGSmX6nE=,AiGzsY3bI4BYI0XDiyo/ibqupMw=
-22,-3,gkIJ4BrQSbahAhLKPtiQGSmX6nE=,KT0JVYoBrpVNQjEENNi0Uyt17Ps=
-24,-3,gkIJ4BrQSbahAhLKPtiQGSmX6nE=,s8MxIz7h8HR04D25Rlb8SAF2lQI=
-23,-3,gkIJ4BrQSbahAhLKPtiQGSmX6nE=,s8MxIz7h8HR04D25Rlb8SAF2lQI=
-20,-6,gkIJ4BrQSbahAhLKPtiQGSmX6nE=,Lyvs4AVQTnCLkBMjrcuD5mLX6vI=
-25,-3,gkIJ4BrQSbahAhLKPtiQGSmX6nE=,lXPbYGkQ8DPC4uMpWYw73PKGVzM=
-21,-6,gkIJ4BrQSbahAhLKPtiQGSmX6nE=,AiGzsY3bI4BYI0XDiyo/ibqupMw=
-21,-7,gkIJ4BrQSbahAhLKPtiQGSmX6nE=,bdkSUx10AcgNt1gqxtQgBcDdvEY=
-17,-4,gkIJ4BrQSbahAhLKPtiQGSmX6nE=,gXSaAnb/Jnv4kGnPEw1nymV/v68=
-19,-5,YZ5/h9jO2xsOC48l7GbSX/JKuEs=,Lyvs4AVQTnCLkBMjrcuD5mLX6vI=
-21,-4,YZ5/h9jO2xsOC48l7GbSX/JKuEs=,KT0JVYoBrpVNQjEENNi0Uyt17Ps=
-21,-3,YZ5/h9jO2xsOC48l7GbSX/JKuEs=,KT0JVYoBrpVNQjEENNi0Uyt17Ps=
-19,-4,YZ5/h9jO2xsOC48l7GbSX/JKuEs=,ZGZVro5FX8toq06m038V6sheuYQ=
-21,-5,YZ5/h9jO2xsOC48l7GbSX/JKuEs=,AiGzsY3bI4BYI0XDiyo/ibqupMw=
-20,-5,YZ5/h9jO2xsOC48l7GbSX/JKuEs=,Lyvs4AVQTnCLkBMjrcuD5mLX6vI=
-20,-4,YZ5/h9jO2xsOC48l7GbSX/JKuEs=,ZGZVro5FX8toq06m038V6sheuYQ=
-18,-4,YZ5/h9jO2xsOC48l7GbSX/JKuEs=,gXSaAnb/Jnv4kGnPEw1nymV/v68=
-20,-3,YZ5/h9jO2xsOC48l7GbSX/JKuEs=,ZGZVro5FX8toq06m038V6sheuYQ=
-18,-2,YZ5/h9jO2xsOC48l7GbSX/JKuEs=,guHaxXopos5uEXFI98RyLJIQAeE=
-18,-3,YZ5/h9jO2xsOC48l7GbSX/JKuEs=,gXSaAnb/Jnv4kGnPEw1nymV/v68=
-19,-3,YZ5/h9jO2xsOC48l7GbSX/JKuEs=,ZGZVro5FX8toq06m038V6sheuYQ=
-17,-2,YZ5/h9jO2xsOC48l7GbSX/JKuEs=,guHaxXopos5uEXFI98RyLJIQAeE=
-18,-1,YZ5/h9jO2xsOC48l7GbSX/JKuEs=,guHaxXopos5uEXFI98RyLJIQAeE=
-17,-1,YZ5/h9jO2xsOC48l7GbSX/JKuEs=,guHaxXopos5uEXFI98RyLJIQAeE=
-17,-3,YZ5/h9jO2xsOC48l7GbSX/JKuEs=,gXSaAnb/Jnv4kGnPEw1nymV/v68=
-26,-4,YZ5/h9jO2xsOC48l7GbSX/JKuEs=,lXPbYGkQ8DPC4uMpWYw73PKGVzM=
-26,-5,YZ5/h9jO2xsOC48l7GbSX/JKuEs=,FQPnLT2TZVxtCHO5RoEGzSU/iZ0=
-26,-3,YZ5/h9jO2xsOC48l7GbSX/JKuEs=,lXPbYGkQ8DPC4uMpWYw73PKGVzM=
-17,-13,YZ5/h9jO2xsOC48l7GbSX/JKuEs=,CMicmhrIuH29dcAvgJHKFm6O2p8=
-18,-13,YZ5/h9jO2xsOC48l7GbSX/JKuEs=,CMicmhrIuH29dcAvgJHKFm6O2p8=
-19,-13,YZ5/h9jO2xsOC48l7GbSX/JKuEs=,7IMuMLrhJILI2D3CKWB+H8JD3lI=
-22,-13,YZ5/h9jO2xsOC48l7GbSX/JKuEs=,5A4fDNzV0kWwgtcj7Gm8lISdtqM=
-20,-13,YZ5/h9jO2xsOC48l7GbSX/JKuEs=,7IMuMLrhJILI2D3CKWB+H8JD3lI=
-21,-13,YZ5/h9jO2xsOC48l7GbSX/JKuEs=,5A4fDNzV0kWwgtcj7Gm8lISdtqM=
-23,-8,YZ5/h9jO2xsOC48l7GbSX/JKuEs=,EG7tnvhcHo0O/AlIvs23uHg8KzY=
-22,-8,YZ5/h9jO2xsOC48l7GbSX/JKuEs=,bdkSUx10AcgNt1gqxtQgBcDdvEY=
-21,-8,YZ5/h9jO2xsOC48l7GbSX/JKuEs=,bdkSUx10AcgNt1gqxtQgBcDdvEY=
-19,-6,YZ5/h9jO2xsOC48l7GbSX/JKuEs=,Lyvs4AVQTnCLkBMjrcuD5mLX6vI=
-26,-8,YZ5/h9jO2xsOC48l7GbSX/JKuEs=,ldBVRoMCDjwsftGWWF4yWPHRdnQ=
-24,-6,YZ5/h9jO2xsOC48l7GbSX/JKuEs=,DOZXRMmeEFyzxN+K0hx3pWIeVFY=
-26,-6,YZ5/h9jO2xsOC48l7GbSX/JKuEs=,FQPnLT2TZVxtCHO5RoEGzSU/iZ0=
-25,-8,YZ5/h9jO2xsOC48l7GbSX/JKuEs=,ldBVRoMCDjwsftGWWF4yWPHRdnQ=
-26,-7,YZ5/h9jO2xsOC48l7GbSX/JKuEs=,ldBVRoMCDjwsftGWWF4yWPHRdnQ=
-24,-8,YZ5/h9jO2xsOC48l7GbSX/JKuEs=,EG7tnvhcHo0O/AlIvs23uHg8KzY=
-25,-7,YZ5/h9jO2xsOC48l7GbSX/JKuEs=,ldBVRoMCDjwsftGWWF4yWPHRdnQ=
-25,-6,YZ5/h9jO2xsOC48l7GbSX/JKuEs=,FQPnLT2TZVxtCHO5RoEGzSU/iZ0=
-24,-7,YZ5/h9jO2xsOC48l7GbSX/JKuEs=,EG7tnvhcHo0O/AlIvs23uHg8KzY=
-20,-14,YZ5/h9jO2xsOC48l7GbSX/JKuEs=,7IMuMLrhJILI2D3CKWB+H8JD3lI=
-22,-14,YZ5/h9jO2xsOC48l7GbSX/JKuEs=,5A4fDNzV0kWwgtcj7Gm8lISdtqM=
-22,-16,YZ5/h9jO2xsOC48l7GbSX/JKuEs=,3TwTSBwQE4FYGZYSAAkgYxhVF5M=
-20,-16,YZ5/h9jO2xsOC48l7GbSX/JKuEs=,ysg8GgYr13D7KDYzX+gdIkveWKU=
-21,-14,YZ5/h9jO2xsOC48l7GbSX/JKuEs=,5A4fDNzV0kWwgtcj7Gm8lISdtqM=
-21,-16,YZ5/h9jO2xsOC48l7GbSX/JKuEs=,3TwTSBwQE4FYGZYSAAkgYxhVF5M=
-22,-15,YZ5/h9jO2xsOC48l7GbSX/JKuEs=,3TwTSBwQE4FYGZYSAAkgYxhVF5M=
-21,-15,YZ5/h9jO2xsOC48l7GbSX/JKuEs=,3TwTSBwQE4FYGZYSAAkgYxhVF5M=
-20,-15,YZ5/h9jO2xsOC48l7GbSX/JKuEs=,ysg8GgYr13D7KDYzX+gdIkveWKU=
-17,-16,YZ5/h9jO2xsOC48l7GbSX/JKuEs=,SyeyQt/bkH/idVLKRRF8jGMRFOI=
-19,-14,YZ5/h9jO2xsOC48l7GbSX/JKuEs=,7IMuMLrhJILI2D3CKWB+H8JD3lI=
-18,-15,YZ5/h9jO2xsOC48l7GbSX/JKuEs=,SyeyQt/bkH/idVLKRRF8jGMRFOI=
-19,-16,YZ5/h9jO2xsOC48l7GbSX/JKuEs=,ysg8GgYr13D7KDYzX+gdIkveWKU=
-17,-14,YZ5/h9jO2xsOC48l7GbSX/JKuEs=,CMicmhrIuH29dcAvgJHKFm6O2p8=
-17,-15,YZ5/h9jO2xsOC48l7GbSX/JKuEs=,SyeyQt/bkH/idVLKRRF8jGMRFOI=
-18,-16,YZ5/h9jO2xsOC48l7GbSX/JKuEs=,SyeyQt/bkH/idVLKRRF8jGMRFOI=
-19,-15,YZ5/h9jO2xsOC48l7GbSX/JKuEs=,ysg8GgYr13D7KDYzX+gdIkveWKU=
-18,-14,YZ5/h9jO2xsOC48l7GbSX/JKuEs=,CMicmhrIuH29dcAvgJHKFm6O2p8=
