-24,3,duqWQ1R2REHpGN04GY78G2go0fk=,+AaW2CkLbXRKIxxYDvZFgf/A0gI=
-24,4,duqWQ1R2REHpGN04GY78G2go0fk=,3GgP/QjgA3qpg0VHwhv/4ZhqGBc=
-25,4,duqWQ1R2REHpGN04GY78G2go0fk=,KZTZqa412WOyHNT7Y47q4L08YRs=
-25,3,duqWQ1R2REHpGN04GY78G2go0fk=,IVaLpEQTrtVAgQoqZnyRn1FRJis=
-27,4,duqWQ1R2REHpGN04GY78G2go0fk=,53OiB/DkIxbtLZqa8RVsGguCn0A=
-27,6,duqWQ1R2REHpGN04GY78G2go0fk=,aA4tci1jauhjXY+q5pcyCjVndvA=
-26,4,duqWQ1R2REHpGN04GY78G2go0fk=,KZTZqa412WOyHNT7Y47q4L08YRs=
-26,5,duqWQ1R2REHpGN04GY78G2go0fk=,KZTZqa412WOyHNT7Y47q4L08YRs=
-26,6,duqWQ1R2REHpGN04GY78G2go0fk=,dC537osKyKkbcVJUNrru6QeUaR4=
-26,3,duqWQ1R2REHpGN04GY78G2go0fk=,IVaLpEQTrtVAgQoqZnyRn1FRJis=
-27,5,duqWQ1R2REHpGN04GY78G2go0fk=,53OiB/DkIxbtLZqa8RVsGguCn0A=
-28,5,duqWQ1R2REHpGN04GY78G2go0fk=,53OiB/DkIxbtLZqa8RVsGguCn0A=
-28,6,duqWQ1R2REHpGN04GY78G2go0fk=,aA4tci1jauhjXY+q5pcyCjVndvA=
-29,6,duqWQ1R2REHpGN04GY78G2go0fk=,T4WZPcb+oXOrgJWPp0GyhH84L6s=
-29,5,duqWQ1R2REHpGN04GY78G2go0fk=,o/42STG9qZ9kuP/NYKM5R/28feI=
-31,5,ChY69a3a7WK7yyB581YF6ih8/pw=,AtMNI0cNvle8J8ngBtf9CnOL5Q8=
-30,5,ChY69a3a7WK7yyB581YF6ih8/pw=,o/42STG9qZ9kuP/NYKM5R/28feI=
-31,6,ChY69a3a7WK7yyB581YF6ih8/pw=,6zBDOoCKXkCgHX953CR7gwAAUXs=
-30,6,ChY69a3a7WK7yyB581YF6ih8/pw=,T4WZPcb+oXOrgJWPp0GyhH84L6s=
-29,4,ChY69a3a7WK7yyB581YF6ih8/pw=,o/42STG9qZ9kuP/NYKM5R/28feI=
-29,3,ChY69a3a7WK7yyB581YF6ih8/pw=,iupXTRY3y6Jw5D5t/KZFoUZd6NM=
-28,4,ChY69a3a7WK7yyB581YF6ih8/pw=,53OiB/DkIxbtLZqa8RVsGguCn0A=
-32,5,ChY69a3a7WK7yyB581YF6ih8/pw=,AtMNI0cNvle8J8ngBtf9CnOL5Q8=
-32,6,ChY69a3a7WK7yyB581YF6ih8/pw=,6zBDOoCKXkCgHX953CR7gwAAUXs=
-31,0,ChY69a3a7WK7yyB581YF6ih8/pw=,QtXyiEB0qBQkGM1RbVgVNobZKpU=
-30,0,ChY69a3a7WK7yyB581YF6ih8/pw=,PYJBBa20X/NuQxQ3YQF3FZxjhxQ=
-26,7,ChY69a3a7WK7yyB581YF6ih8/pw=,dC537osKyKkbcVJUNrru6QeUaR4=
-27,7,ChY69a3a7WK7yyB581YF6ih8/pw=,aA4tci1jauhjXY+q5pcyCjVndvA=
-24,2,ChY69a3a7WK7yyB581YF6ih8/pw=,+AaW2CkLbXRKIxxYDvZFgf/A0gI=
-25,2,ChY69a3a7WK7yyB581YF6ih8/pw=,IVaLpEQTrtVAgQoqZnyRn1FRJis=
-29,1,ChY69a3a7WK7yyB581YF6ih8/pw=,PYJBBa20X/NuQxQ3YQF3FZxjhxQ=
-29,2,ChY69a3a7WK7yyB581YF6ih8/pw=,iupXTRY3y6Jw5D5t/KZFoUZd6NM=
-26,2,ChY69a3a7WK7yyB581YF6ih8/pw=,IVaLpEQTrtVAgQoqZnyRn1FRJis=
-29,0,ChY69a3a7WK7yyB581YF6ih8/pw=,PYJBBa20X/NuQxQ3YQF3FZxjhxQ=
-29,8,ChY69a3a7WK7yyB581YF6ih8/pw=,aZb7MlMYIMfOM90dQW54NeQyr+Y=
-29,9,ChY69a3a7WK7yyB581YF6ih8/pw=,aZb7MlMYIMfOM90dQW54NeQyr+Y=
-29,7,ChY69a3a7WK7yyB581YF6ih8/pw=,T4WZPcb+oXOrgJWPp0GyhH84L6s=
-28,7,ChY69a3a7WK7yyB581YF6ih8/pw=,aA4tci1jauhjXY+q5pcyCjVndvA=
-31,8,ChY69a3a7WK7yyB581YF6ih8/pw=,wls/vSwjMaOh1BOLXOBIaYJOwm0=
-32,9,ChY69a3a7WK7yyB581YF6ih8/pw=,wls/vSwjMaOh1BOLXOBIaYJOwm0=
-31,9,ChY69a3a7WK7yyB581YF6ih8/pw=,wls/vSwjMaOh1BOLXOBIaYJOwm0=
-30,9,ChY69a3a7WK7yyB581YF6ih8/pw=,aZb7MlMYIMfOM90dQW54NeQyr+Y=
-32,7,ChY69a3a7WK7yyB581YF6ih8/pw=,6zBDOoCKXkCgHX953CR7gwAAUXs=
-32,8,ChY69a3a7WK7yyB581YF6ih8/pw=,wls/vSwjMaOh1BOLXOBIaYJOwm0=
-30,8,ChY69a3a7WK7yyB581YF6ih8/pw=,aZb7MlMYIMfOM90dQW54NeQyr+Y=
-31,7,ChY69a3a7WK7yyB581YF6ih8/pw=,6zBDOoCKXkCgHX953CR7gwAAUXs=
-30,7,ChY69a3a7WK7yyB581YF6ih8/pw=,T4WZPcb+oXOrgJWPp0GyhH84L6s=
-24,6,ChY69a3a7WK7yyB581YF6ih8/pw=,dE7pl0WD6qJ1cblsoJA539UDQnY=
-24,5,ChY69a3a7WK7yyB581YF6ih8/pw=,3GgP/QjgA3qpg0VHwhv/4ZhqGBc=
-25,6,ChY69a3a7WK7yyB581YF6ih8/pw=,dC537osKyKkbcVJUNrru6QeUaR4=
-25,5,ChY69a3a7WK7yyB581YF6ih8/pw=,KZTZqa412WOyHNT7Y47q4L08YRs=
-23,6,ChY69a3a7WK7yyB581YF6ih8/pw=,dE7pl0WD6qJ1cblsoJA539UDQnY=
-31,1,ChY69a3a7WK7yyB581YF6ih8/pw=,QtXyiEB0qBQkGM1RbVgVNobZKpU=
-32,1,ChY69a3a7WK7yyB581YF6ih8/pw=,QtXyiEB0qBQkGM1RbVgVNobZKpU=
-32,3,ChY69a3a7WK7yyB581YF6ih8/pw=,KnTDGwdcZg1fIwif2/fZsxoCJfo=
-32,2,ChY69a3a7WK7yyB581YF6ih8/pw=,KnTDGwdcZg1fIwif2/fZsxoCJfo=
-30,4,ChY69a3a7WK7yyB581YF6ih8/pw=,o/42STG9qZ9kuP/NYKM5R/28feI=
-30,2,ChY69a3a7WK7yyB581YF6ih8/pw=,iupXTRY3y6Jw5D5t/KZFoUZd6NM=
-30,1,ChY69a3a7WK7yyB581YF6ih8/pw=,PYJBBa20X/NuQxQ3YQF3FZxjhxQ=
-31,3,ChY69a3a7WK7yyB581YF6ih8/pw=,KnTDGwdcZg1fIwif2/fZsxoCJfo=
-30,3,ChY69a3a7WK7yyB581YF6ih8/pw=,iupXTRY3y6Jw5D5t/KZFoUZd6NM=
-31,4,ChY69a3a7WK7yyB581YF6ih8/pw=,AtMNI0cNvle8J8ngBtf9CnOL5Q8=
-31,2,ChY69a3a7WK7yyB581YF6ih8/pw=,KnTDGwdcZg1fIwif2/fZsxoCJfo=
-23,5,ChY69a3a7WK7yyB581YF6ih8/pw=,3GgP/QjgA3qpg0VHwhv/4ZhqGBc=
-32,4,ChY69a3a7WK7yyB581YF6ih8/pw=,AtMNI0cNvle8J8ngBtf9CnOL5Q8=
-22,5,ChY69a3a7WK7yyB581YF6ih8/pw=,kX/ZdnXqdGjqAMBeQTzyzt331aU=
-22,6,ChY69a3a7WK7yyB581YF6ih8/pw=,t8VFwWQMf4PS/hLWHuMkihb5d9I=
-20,4,aetxs9DrnidYYnQbRsDQ+t1IA7E=,XtWGvy+ipWVFqZPONVxIxelNc/k=
-20,3,aetxs9DrnidYYnQbRsDQ+t1IA7E=,y31qiRjiyV2LHhG178vMcObaRio=
-22,4,aetxs9DrnidYYnQbRsDQ+t1IA7E=,kX/ZdnXqdGjqAMBeQTzyzt331aU=
-23,3,aetxs9DrnidYYnQbRsDQ+t1IA7E=,+AaW2CkLbXRKIxxYDvZFgf/A0gI=
-23,4,aetxs9DrnidYYnQbRsDQ+t1IA7E=,3GgP/QjgA3qpg0VHwhv/4ZhqGBc=
-19,3,aetxs9DrnidYYnQbRsDQ+t1IA7E=,y31qiRjiyV2LHhG178vMcObaRio=
-19,4,aetxs9DrnidYYnQbRsDQ+t1IA7E=,XtWGvy+ipWVFqZPONVxIxelNc/k=
-18,4,aetxs9DrnidYYnQbRsDQ+t1IA7E=,Z/aLmL1OFa+8qzeeL0972ZWcD3A=
-21,4,aetxs9DrnidYYnQbRsDQ+t1IA7E=,kX/ZdnXqdGjqAMBeQTzyzt331aU=
-18,3,aetxs9DrnidYYnQbRsDQ+t1IA7E=,xUG4oSq0e+/rcn/eQUeNyKRINPU=
-19,6,aetxs9DrnidYYnQbRsDQ+t1IA7E=,impIU7GTxORsZ0mgjZClIIpgBd0=
-21,3,aetxs9DrnidYYnQbRsDQ+t1IA7E=,AFxGAQS/VzrfcsFrX+mBUzHWKo4=
-22,3,aetxs9DrnidYYnQbRsDQ+t1IA7E=,AFxGAQS/VzrfcsFrX+mBUzHWKo4=
-20,5,aetxs9DrnidYYnQbRsDQ+t1IA7E=,XtWGvy+ipWVFqZPONVxIxelNc/k=
-21,5,aetxs9DrnidYYnQbRsDQ+t1IA7E=,kX/ZdnXqdGjqAMBeQTzyzt331aU=
-20,6,aetxs9DrnidYYnQbRsDQ+t1IA7E=,impIU7GTxORsZ0mgjZClIIpgBd0=
-18,6,aetxs9DrnidYYnQbRsDQ+t1IA7E=,KcHVt3Eb1/VTPCylF/iQPQbG1c8=
-21,6,aetxs9DrnidYYnQbRsDQ+t1IA7E=,t8VFwWQMf4PS/hLWHuMkihb5d9I=
-18,7,aetxs9DrnidYYnQbRsDQ+t1IA7E=,KcHVt3Eb1/VTPCylF/iQPQbG1c8=
-19,5,aetxs9DrnidYYnQbRsDQ+t1IA7E=,XtWGvy+ipWVFqZPONVxIxelNc/k=
-19,7,aetxs9DrnidYYnQbRsDQ+t1IA7E=,impIU7GTxORsZ0mgjZClIIpgBd0=
-24,7,aetxs9DrnidYYnQbRsDQ+t1IA7E=,dE7pl0WD6qJ1cblsoJA539UDQnY=
-32,0,aetxs9DrnidYYnQbRsDQ+t1IA7E=,QtXyiEB0qBQkGM1RbVgVNobZKpU=
-25,7,aetxs9DrnidYYnQbRsDQ+t1IA7E=,dC537osKyKkbcVJUNrru6QeUaR4=
-18,5,aetxs9DrnidYYnQbRsDQ+t1IA7E=,Z/aLmL1OFa+8qzeeL0972ZWcD3A=
-21,7,aetxs9DrnidYYnQbRsDQ+t1IA7E=,t8VFwWQMf4PS/hLWHuMkihb5d9I=
-20,7,aetxs9DrnidYYnQbRsDQ+t1IA7E=,impIU7GTxORsZ0mgjZClIIpgBd0=
-23,7,aetxs9DrnidYYnQbRsDQ+t1IA7E=,dE7pl0WD6qJ1cblsoJA539UDQnY=
-22,7,aetxs9DrnidYYnQbRsDQ+t1IA7E=,t8VFwWQMf4PS/hLWHuMkihb5d9I=
-20,2,aetxs9DrnidYYnQbRsDQ+t1IA7E=,y31qiRjiyV2LHhG178vMcObaRio=
-23,2,aetxs9DrnidYYnQbRsDQ+t1IA7E=,+AaW2CkLbXRKIxxYDvZFgf/A0gI=
-21,2,aetxs9DrnidYYnQbRsDQ+t1IA7E=,AFxGAQS/VzrfcsFrX+mBUzHWKo4=
-22,2,aetxs9DrnidYYnQbRsDQ+t1IA7E=,AFxGAQS/VzrfcsFrX+mBUzHWKo4=
-17,4,aetxs9DrnidYYnQbRsDQ+t1IA7E=,Z/aLmL1OFa+8qzeeL0972ZWcD3A=
-17,3,aetxs9DrnidYYnQbRsDQ+t1IA7E=,xUG4oSq0e+/rcn/eQUeNyKRINPU=
-17,7,aetxs9DrnidYYnQbRsDQ+t1IA7E=,KcHVt3Eb1/VTPCylF/iQPQbG1c8=
-17,5,aetxs9DrnidYYnQbRsDQ+t1IA7E=,Z/aLmL1OFa+8qzeeL0972ZWcD3A=
-17,6,aetxs9DrnidYYnQbRsDQ+t1IA7E=,KcHVt3Eb1/VTPCylF/iQPQbG1c8=
-17,0,aetxs9DrnidYYnQbRsDQ+t1IA7E=,0UUc6H4BXv2Qg9eLKE6RWYjKE78=
-19,2,aetxs9DrnidYYnQbRsDQ+t1IA7E=,y31qiRjiyV2LHhG178vMcObaRio=
-18,2,aetxs9DrnidYYnQbRsDQ+t1IA7E=,xUG4oSq0e+/rcn/eQUeNyKRINPU=
-17,2,aetxs9DrnidYYnQbRsDQ+t1IA7E=,xUG4oSq0e+/rcn/eQUeNyKRINPU=
-18,0,aetxs9DrnidYYnQbRsDQ+t1IA7E=,0UUc6H4BXv2Qg9eLKE6RWYjKE78=
-18,1,aetxs9DrnidYYnQbRsDQ+t1IA7E=,0UUc6H4BXv2Qg9eLKE6RWYjKE78=
-17,1,aetxs9DrnidYYnQbRsDQ+t1IA7E=,0UUc6H4BXv2Qg9eLKE6RWYjKE78=
-13,2,0Lt0KfJ/DB2GxQcemeiTWPv/Tm8=,JLro57jOJZ2omzWS63TkTH10VGc=
-12,2,0Lt0KfJ/DB2GxQcemeiTWPv/Tm8=,5gB207eciJe6xMIHl+Y8oQl+kbg=
-13,1,0Lt0KfJ/DB2GxQcemeiTWPv/Tm8=,qVV7TqkoIJ+Ph1yV+Jawv9TI6I4=
-12,1,0Lt0KfJ/DB2GxQcemeiTWPv/Tm8=,gMuZxuqENRuQEmyDffHSDIYPl2w=
-10,1,AzrDyHjFDyxJ/3eD7PoJOYLji+Y=,+xbXCU1g3Rd2b94etbmrWPiarjs=
-10,2,AzrDyHjFDyxJ/3eD7PoJOYLji+Y=,bYaGRo2enRO2UwLCFxXb5/gvr1c=
-11,1,AzrDyHjFDyxJ/3eD7PoJOYLji+Y=,gMuZxuqENRuQEmyDffHSDIYPl2w=
-11,2,AzrDyHjFDyxJ/3eD7PoJOYLji+Y=,5gB207eciJe6xMIHl+Y8oQl+kbg=
-9,2,AzrDyHjFDyxJ/3eD7PoJOYLji+Y=,bYaGRo2enRO2UwLCFxXb5/gvr1c=
-8,2,AzrDyHjFDyxJ/3eD7PoJOYLji+Y=,UrwDGoIoh831OxSk2RDAtg+Zz0Y=
-9,1,AzrDyHjFDyxJ/3eD7PoJOYLji+Y=,+xbXCU1g3Rd2b94etbmrWPiarjs=
-8,1,AzrDyHjFDyxJ/3eD7PoJOYLji+Y=,6jdTO1ZSlSc9Y1udVNKZAhm5MvY=
-6,2,touZhco6qzeL+UMBrUb9TX5MpHo=,cOgVcyX0O9TOFKrF2iBvRTHOp+Y=
-7,2,touZhco6qzeL+UMBrUb9TX5MpHo=,UrwDGoIoh831OxSk2RDAtg+Zz0Y=
-6,1,touZhco6qzeL+UMBrUb9TX5MpHo=,jPMKCFhmFjzNmMV9napDEJqfR64=
-7,1,touZhco6qzeL+UMBrUb9TX5MpHo=,6jdTO1ZSlSc9Y1udVNKZAhm5MvY=
-5,3,touZhco6qzeL+UMBrUb9TX5MpHo=,cOgVcyX0O9TOFKrF2iBvRTHOp+Y=
-4,3,touZhco6qzeL+UMBrUb9TX5MpHo=,ABbTDFXIbzqFvXHviwdEKYH/N6I=
-4,4,touZhco6qzeL+UMBrUb9TX5MpHo=,VrHQtoH6QKOmDqIH0Z8mGcAU0GM=
-5,4,touZhco6qzeL+UMBrUb9TX5MpHo=,Oq6w1YB74Eqoki2hvfB9P4kUvJ8=
-4,2,VQPsv4v43E1qAJaupIWFKjEOqCA=,ABbTDFXIbzqFvXHviwdEKYH/N6I=
-5,2,VQPsv4v43E1qAJaupIWFKjEOqCA=,cOgVcyX0O9TOFKrF2iBvRTHOp+Y=
-4,1,VQPsv4v43E1qAJaupIWFKjEOqCA=,9+Y5eFnrmwYJmdCtQgRkKIXbnmw=
-5,1,VQPsv4v43E1qAJaupIWFKjEOqCA=,jPMKCFhmFjzNmMV9napDEJqfR64=
-2,4,VQPsv4v43E1qAJaupIWFKjEOqCA=,ih5WkqVZXOoBhLNkkrBSJVb7Qas=
-3,4,VQPsv4v43E1qAJaupIWFKjEOqCA=,VrHQtoH6QKOmDqIH0Z8mGcAU0GM=
-2,3,VQPsv4v43E1qAJaupIWFKjEOqCA=,DsCakXg5SicBsbA5ANF/b1q25D0=
-3,3,VQPsv4v43E1qAJaupIWFKjEOqCA=,ABbTDFXIbzqFvXHviwdEKYH/N6I=
-2,2,VQPsv4v43E1qAJaupIWFKjEOqCA=,DsCakXg5SicBsbA5ANF/b1q25D0=
-3,2,VQPsv4v43E1qAJaupIWFKjEOqCA=,ABbTDFXIbzqFvXHviwdEKYH/N6I=
-2,1,VQPsv4v43E1qAJaupIWFKjEOqCA=,xlWBVjWxiHArjIALPJCmwVgmnRM=
-3,1,VQPsv4v43E1qAJaupIWFKjEOqCA=,9+Y5eFnrmwYJmdCtQgRkKIXbnmw=
-4,6,VQPsv4v43E1qAJaupIWFKjEOqCA=,Rfbs251Sy/WxZMtqZSmFYtPWeAY=
-5,6,VQPsv4v43E1qAJaupIWFKjEOqCA=,Yyzu9WunzgVw/KIZw+DbGKmZN84=
-2,5,VQPsv4v43E1qAJaupIWFKjEOqCA=,ih5WkqVZXOoBhLNkkrBSJVb7Qas=
-5,5,VQPsv4v43E1qAJaupIWFKjEOqCA=,Oq6w1YB74Eqoki2hvfB9P4kUvJ8=
-2,6,VQPsv4v43E1qAJaupIWFKjEOqCA=,k/1vb9j6WbHQHYU/H8ZLb9ewedI=
-4,5,VQPsv4v43E1qAJaupIWFKjEOqCA=,VrHQtoH6QKOmDqIH0Z8mGcAU0GM=
-3,6,VQPsv4v43E1qAJaupIWFKjEOqCA=,Rfbs251Sy/WxZMtqZSmFYtPWeAY=
-3,5,VQPsv4v43E1qAJaupIWFKjEOqCA=,VrHQtoH6QKOmDqIH0Z8mGcAU0GM=
-5,8,M8D6zZDVWmgmFKEq8CcEsIFVNR0=,VF+7S7iZtH4UQIMd/nFPgp/fTjc=
-4,8,M8D6zZDVWmgmFKEq8CcEsIFVNR0=,SaUl20+lFmCLLosHpGK1DbVaFPc=
-4,7,M8D6zZDVWmgmFKEq8CcEsIFVNR0=,Rfbs251Sy/WxZMtqZSmFYtPWeAY=
-5,7,M8D6zZDVWmgmFKEq8CcEsIFVNR0=,Yyzu9WunzgVw/KIZw+DbGKmZN84=
-5,9,M8D6zZDVWmgmFKEq8CcEsIFVNR0=,VF+7S7iZtH4UQIMd/nFPgp/fTjc=
-4,10,M8D6zZDVWmgmFKEq8CcEsIFVNR0=,IWTIl7uDTUlZttQ7mPRfOBc/+Q4=
-4,9,M8D6zZDVWmgmFKEq8CcEsIFVNR0=,SaUl20+lFmCLLosHpGK1DbVaFPc=
-5,10,M8D6zZDVWmgmFKEq8CcEsIFVNR0=,reXqpZmiDZYP4tVb9CQE4lAf8H8=
-2,10,M8D6zZDVWmgmFKEq8CcEsIFVNR0=,g9zlt9Z4X0pGGOAxJIZ8gtw+62o=
-3,8,M8D6zZDVWmgmFKEq8CcEsIFVNR0=,SaUl20+lFmCLLosHpGK1DbVaFPc=
-2,7,M8D6zZDVWmgmFKEq8CcEsIFVNR0=,k/1vb9j6WbHQHYU/H8ZLb9ewedI=
-2,9,M8D6zZDVWmgmFKEq8CcEsIFVNR0=,R600tBVZ0RidKL075kIGIcfCX/I=
-3,7,M8D6zZDVWmgmFKEq8CcEsIFVNR0=,Rfbs251Sy/WxZMtqZSmFYtPWeAY=
-2,8,M8D6zZDVWmgmFKEq8CcEsIFVNR0=,R600tBVZ0RidKL075kIGIcfCX/I=
-3,10,M8D6zZDVWmgmFKEq8CcEsIFVNR0=,IWTIl7uDTUlZttQ7mPRfOBc/+Q4=
-3,9,M8D6zZDVWmgmFKEq8CcEsIFVNR0=,SaUl20+lFmCLLosHpGK1DbVaFPc=
-7,12,M8D6zZDVWmgmFKEq8CcEsIFVNR0=,Rt1pwlPy0AFDzhhnE9WuZmDll4s=
-6,12,M8D6zZDVWmgmFKEq8CcEsIFVNR0=,ccNfspGl8Tg5kQbK4QyS/fUzCQ0=
-6,11,M8D6zZDVWmgmFKEq8CcEsIFVNR0=,reXqpZmiDZYP4tVb9CQE4lAf8H8=
-7,11,M8D6zZDVWmgmFKEq8CcEsIFVNR0=,65txMdo2U0qL3LtC7H4YyAwNGTY=
-7,8,RrPglVGjTlvyNAiY4DmDBNCSboc=,mTPyI6FD/fz/INpuUELd7ANJJlw=
-7,9,RrPglVGjTlvyNAiY4DmDBNCSboc=,mTPyI6FD/fz/INpuUELd7ANJJlw=
-6,10,RrPglVGjTlvyNAiY4DmDBNCSboc=,reXqpZmiDZYP4tVb9CQE4lAf8H8=
-6,7,RrPglVGjTlvyNAiY4DmDBNCSboc=,Yyzu9WunzgVw/KIZw+DbGKmZN84=
-7,10,RrPglVGjTlvyNAiY4DmDBNCSboc=,65txMdo2U0qL3LtC7H4YyAwNGTY=
-7,7,RrPglVGjTlvyNAiY4DmDBNCSboc=,ULg2bB8jIo8JtBiS3zc4a0IFODg=
-6,8,RrPglVGjTlvyNAiY4DmDBNCSboc=,VF+7S7iZtH4UQIMd/nFPgp/fTjc=
-6,9,RrPglVGjTlvyNAiY4DmDBNCSboc=,VF+7S7iZtH4UQIMd/nFPgp/fTjc=
-8,7,RrPglVGjTlvyNAiY4DmDBNCSboc=,ULg2bB8jIo8JtBiS3zc4a0IFODg=
-9,8,RrPglVGjTlvyNAiY4DmDBNCSboc=,CBS7FsWWd23ZYRwJc1T+cxhwoxI=
-8,8,RrPglVGjTlvyNAiY4DmDBNCSboc=,mTPyI6FD/fz/INpuUELd7ANJJlw=
-9,7,RrPglVGjTlvyNAiY4DmDBNCSboc=,6AJb7JQx/RSPts+YjWBPZ9WbWKc=
-11,0,RrPglVGjTlvyNAiY4DmDBNCSboc=,gMuZxuqENRuQEmyDffHSDIYPl2w=
-10,0,RrPglVGjTlvyNAiY4DmDBNCSboc=,+xbXCU1g3Rd2b94etbmrWPiarjs=
-9,0,RrPglVGjTlvyNAiY4DmDBNCSboc=,+xbXCU1g3Rd2b94etbmrWPiarjs=
-10,4,RrPglVGjTlvyNAiY4DmDBNCSboc=,vO0QjLv197xpGY39MlkTb+PrmBY=
-10,3,RrPglVGjTlvyNAiY4DmDBNCSboc=,bYaGRo2enRO2UwLCFxXb5/gvr1c=
-11,3,RrPglVGjTlvyNAiY4DmDBNCSboc=,5gB207eciJe6xMIHl+Y8oQl+kbg=
-10,6,RrPglVGjTlvyNAiY4DmDBNCSboc=,6AJb7JQx/RSPts+YjWBPZ9WbWKc=
-11,4,RrPglVGjTlvyNAiY4DmDBNCSboc=,boqhkaF93p8XInP3JXzXjEDlbBs=
-11,5,RrPglVGjTlvyNAiY4DmDBNCSboc=,boqhkaF93p8XInP3JXzXjEDlbBs=
-8,0,RrPglVGjTlvyNAiY4DmDBNCSboc=,6jdTO1ZSlSc9Y1udVNKZAhm5MvY=
-10,5,RrPglVGjTlvyNAiY4DmDBNCSboc=,vO0QjLv197xpGY39MlkTb+PrmBY=
-11,6,RrPglVGjTlvyNAiY4DmDBNCSboc=,7y9sAG+snJFJiNXO2ExoqAFPqpI=
-7,0,RrPglVGjTlvyNAiY4DmDBNCSboc=,6jdTO1ZSlSc9Y1udVNKZAhm5MvY=
-4,0,RrPglVGjTlvyNAiY4DmDBNCSboc=,9+Y5eFnrmwYJmdCtQgRkKIXbnmw=
-12,4,RrPglVGjTlvyNAiY4DmDBNCSboc=,boqhkaF93p8XInP3JXzXjEDlbBs=
-5,0,RrPglVGjTlvyNAiY4DmDBNCSboc=,jPMKCFhmFjzNmMV9napDEJqfR64=
-6,0,RrPglVGjTlvyNAiY4DmDBNCSboc=,jPMKCFhmFjzNmMV9napDEJqfR64=
-14,4,RrPglVGjTlvyNAiY4DmDBNCSboc=,mQ3WRJRcqI4ysP4lfldmlnX01tA=
-13,3,RrPglVGjTlvyNAiY4DmDBNCSboc=,JLro57jOJZ2omzWS63TkTH10VGc=
-12,6,RrPglVGjTlvyNAiY4DmDBNCSboc=,7y9sAG+snJFJiNXO2ExoqAFPqpI=
-2,0,RrPglVGjTlvyNAiY4DmDBNCSboc=,xlWBVjWxiHArjIALPJCmwVgmnRM=
-15,3,RrPglVGjTlvyNAiY4DmDBNCSboc=,7ZAmDAjwx8+9eXutQZzNiCzMaEw=
-13,4,RrPglVGjTlvyNAiY4DmDBNCSboc=,mQ3WRJRcqI4ysP4lfldmlnX01tA=
-3,0,RrPglVGjTlvyNAiY4DmDBNCSboc=,9+Y5eFnrmwYJmdCtQgRkKIXbnmw=
-14,3,RrPglVGjTlvyNAiY4DmDBNCSboc=,JLro57jOJZ2omzWS63TkTH10VGc=
-13,6,RrPglVGjTlvyNAiY4DmDBNCSboc=,C8sQOvva28G3ilODcFQZatNPZ5Q=
-15,4,RrPglVGjTlvyNAiY4DmDBNCSboc=,77CJjnRJpqVb7rFtyiztB7JLycg=
-1,2,RrPglVGjTlvyNAiY4DmDBNCSboc=,DsCakXg5SicBsbA5ANF/b1q25D0=
-1,4,RrPglVGjTlvyNAiY4DmDBNCSboc=,ih5WkqVZXOoBhLNkkrBSJVb7Qas=
-12,5,RrPglVGjTlvyNAiY4DmDBNCSboc=,boqhkaF93p8XInP3JXzXjEDlbBs=
-1,1,RrPglVGjTlvyNAiY4DmDBNCSboc=,xlWBVjWxiHArjIALPJCmwVgmnRM=
-1,3,RrPglVGjTlvyNAiY4DmDBNCSboc=,DsCakXg5SicBsbA5ANF/b1q25D0=
-15,7,RrPglVGjTlvyNAiY4DmDBNCSboc=,9fwcSy2RqOg1jJ7hOGb5cbV5PWc=
-14,7,RrPglVGjTlvyNAiY4DmDBNCSboc=,C8sQOvva28G3ilODcFQZatNPZ5Q=
-16,5,RrPglVGjTlvyNAiY4DmDBNCSboc=,77CJjnRJpqVb7rFtyiztB7JLycg=
-12,3,RrPglVGjTlvyNAiY4DmDBNCSboc=,5gB207eciJe6xMIHl+Y8oQl+kbg=
-14,6,RrPglVGjTlvyNAiY4DmDBNCSboc=,C8sQOvva28G3ilODcFQZatNPZ5Q=
-16,7,RrPglVGjTlvyNAiY4DmDBNCSboc=,9fwcSy2RqOg1jJ7hOGb5cbV5PWc=
-15,5,RrPglVGjTlvyNAiY4DmDBNCSboc=,77CJjnRJpqVb7rFtyiztB7JLycg=
-15,6,RrPglVGjTlvyNAiY4DmDBNCSboc=,9fwcSy2RqOg1jJ7hOGb5cbV5PWc=
-13,5,RrPglVGjTlvyNAiY4DmDBNCSboc=,mQ3WRJRcqI4ysP4lfldmlnX01tA=
-16,6,RrPglVGjTlvyNAiY4DmDBNCSboc=,9fwcSy2RqOg1jJ7hOGb5cbV5PWc=
-14,5,RrPglVGjTlvyNAiY4DmDBNCSboc=,mQ3WRJRcqI4ysP4lfldmlnX01tA=
-5,12,RrPglVGjTlvyNAiY4DmDBNCSboc=,ccNfspGl8Tg5kQbK4QyS/fUzCQ0=
-2,12,RrPglVGjTlvyNAiY4DmDBNCSboc=,2pLZuH/xlt2OYE3E8B4f0208ueM=
-4,11,RrPglVGjTlvyNAiY4DmDBNCSboc=,IWTIl7uDTUlZttQ7mPRfOBc/+Q4=
-2,11,RrPglVGjTlvyNAiY4DmDBNCSboc=,g9zlt9Z4X0pGGOAxJIZ8gtw+62o=
-5,11,RrPglVGjTlvyNAiY4DmDBNCSboc=,reXqpZmiDZYP4tVb9CQE4lAf8H8=
-3,11,RrPglVGjTlvyNAiY4DmDBNCSboc=,IWTIl7uDTUlZttQ7mPRfOBc/+Q4=
-1,6,RrPglVGjTlvyNAiY4DmDBNCSboc=,k/1vb9j6WbHQHYU/H8ZLb9ewedI=
-1,8,RrPglVGjTlvyNAiY4DmDBNCSboc=,R600tBVZ0RidKL075kIGIcfCX/I=
-1,7,RrPglVGjTlvyNAiY4DmDBNCSboc=,k/1vb9j6WbHQHYU/H8ZLb9ewedI=
-1,12,RrPglVGjTlvyNAiY4DmDBNCSboc=,2pLZuH/xlt2OYE3E8B4f0208ueM=
-1,5,RrPglVGjTlvyNAiY4DmDBNCSboc=,ih5WkqVZXOoBhLNkkrBSJVb7Qas=
-9,9,RrPglVGjTlvyNAiY4DmDBNCSboc=,CBS7FsWWd23ZYRwJc1T+cxhwoxI=
-8,11,RrPglVGjTlvyNAiY4DmDBNCSboc=,65txMdo2U0qL3LtC7H4YyAwNGTY=
-8,12,RrPglVGjTlvyNAiY4DmDBNCSboc=,Rt1pwlPy0AFDzhhnE9WuZmDll4s=
-2,13,RrPglVGjTlvyNAiY4DmDBNCSboc=,2pLZuH/xlt2OYE3E8B4f0208ueM=
-8,10,RrPglVGjTlvyNAiY4DmDBNCSboc=,65txMdo2U0qL3LtC7H4YyAwNGTY=
-8,9,RrPglVGjTlvyNAiY4DmDBNCSboc=,mTPyI6FD/fz/INpuUELd7ANJJlw=
-1,10,RrPglVGjTlvyNAiY4DmDBNCSboc=,g9zlt9Z4X0pGGOAxJIZ8gtw+62o=
-5,13,RrPglVGjTlvyNAiY4DmDBNCSboc=,ccNfspGl8Tg5kQbK4QyS/fUzCQ0=
-5,14,RrPglVGjTlvyNAiY4DmDBNCSboc=,/UQ/ZJ2Q3T750FiIvg5juUg0rnQ=
-1,9,RrPglVGjTlvyNAiY4DmDBNCSboc=,R600tBVZ0RidKL075kIGIcfCX/I=
-1,11,RrPglVGjTlvyNAiY4DmDBNCSboc=,g9zlt9Z4X0pGGOAxJIZ8gtw+62o=
-5,15,RrPglVGjTlvyNAiY4DmDBNCSboc=,/UQ/ZJ2Q3T750FiIvg5juUg0rnQ=
-16,3,RrPglVGjTlvyNAiY4DmDBNCSboc=,7ZAmDAjwx8+9eXutQZzNiCzMaEw=
-16,4,RrPglVGjTlvyNAiY4DmDBNCSboc=,77CJjnRJpqVb7rFtyiztB7JLycg=
-10,7,RrPglVGjTlvyNAiY4DmDBNCSboc=,6AJb7JQx/RSPts+YjWBPZ9WbWKc=
-12,7,RrPglVGjTlvyNAiY4DmDBNCSboc=,7y9sAG+snJFJiNXO2ExoqAFPqpI=
-10,8,RrPglVGjTlvyNAiY4DmDBNCSboc=,CBS7FsWWd23ZYRwJc1T+cxhwoxI=
-13,7,RrPglVGjTlvyNAiY4DmDBNCSboc=,C8sQOvva28G3ilODcFQZatNPZ5Q=
-11,7,RrPglVGjTlvyNAiY4DmDBNCSboc=,7y9sAG+snJFJiNXO2ExoqAFPqpI=
-10,9,RrPglVGjTlvyNAiY4DmDBNCSboc=,CBS7FsWWd23ZYRwJc1T+cxhwoxI=
-12,0,RrPglVGjTlvyNAiY4DmDBNCSboc=,gMuZxuqENRuQEmyDffHSDIYPl2w=
-1,13,RrPglVGjTlvyNAiY4DmDBNCSboc=,2pLZuH/xlt2OYE3E8B4f0208ueM=
-1,0,RrPglVGjTlvyNAiY4DmDBNCSboc=,xlWBVjWxiHArjIALPJCmwVgmnRM=
-13,0,RrPglVGjTlvyNAiY4DmDBNCSboc=,qVV7TqkoIJ+Ph1yV+Jawv9TI6I4=
-16,2,RrPglVGjTlvyNAiY4DmDBNCSboc=,7ZAmDAjwx8+9eXutQZzNiCzMaEw=
-14,0,RrPglVGjTlvyNAiY4DmDBNCSboc=,qVV7TqkoIJ+Ph1yV+Jawv9TI6I4=
-14,1,RrPglVGjTlvyNAiY4DmDBNCSboc=,qVV7TqkoIJ+Ph1yV+Jawv9TI6I4=
-15,0,RrPglVGjTlvyNAiY4DmDBNCSboc=,Ho5zxLddnch5MlwIta+dNbCZ9YA=
-6,15,RrPglVGjTlvyNAiY4DmDBNCSboc=,/UQ/ZJ2Q3T750FiIvg5juUg0rnQ=
-8,14,RrPglVGjTlvyNAiY4DmDBNCSboc=,eT9EtgZqXJ3ZkV6XHOKzUILLYUs=
-16,0,RrPglVGjTlvyNAiY4DmDBNCSboc=,Ho5zxLddnch5MlwIta+dNbCZ9YA=
-6,14,RrPglVGjTlvyNAiY4DmDBNCSboc=,/UQ/ZJ2Q3T750FiIvg5juUg0rnQ=
-15,2,RrPglVGjTlvyNAiY4DmDBNCSboc=,7ZAmDAjwx8+9eXutQZzNiCzMaEw=
-6,13,RrPglVGjTlvyNAiY4DmDBNCSboc=,ccNfspGl8Tg5kQbK4QyS/fUzCQ0=
-8,13,RrPglVGjTlvyNAiY4DmDBNCSboc=,Rt1pwlPy0AFDzhhnE9WuZmDll4s=
-7,14,RrPglVGjTlvyNAiY4DmDBNCSboc=,eT9EtgZqXJ3ZkV6XHOKzUILLYUs=
-8,15,RrPglVGjTlvyNAiY4DmDBNCSboc=,eT9EtgZqXJ3ZkV6XHOKzUILLYUs=
-7,13,RrPglVGjTlvyNAiY4DmDBNCSboc=,Rt1pwlPy0AFDzhhnE9WuZmDll4s=
-7,15,RrPglVGjTlvyNAiY4DmDBNCSboc=,eT9EtgZqXJ3ZkV6XHOKzUILLYUs=
-16,1,RrPglVGjTlvyNAiY4DmDBNCSboc=,Ho5zxLddnch5MlwIta+dNbCZ9YA=
-14,2,RrPglVGjTlvyNAiY4DmDBNCSboc=,JLro57jOJZ2omzWS63TkTH10VGc=
-15,1,RrPglVGjTlvyNAiY4DmDBNCSboc=,Ho5zxLddnch5MlwIta+dNbCZ9YA=
-8,3,y+V26rdZWyHzRnA2vdLG9VzYH+Q=,UrwDGoIoh831OxSk2RDAtg+Zz0Y=
-9,4,y+V26rdZWyHzRnA2vdLG9VzYH+Q=,vO0QjLv197xpGY39MlkTb+PrmBY=
-9,3,y+V26rdZWyHzRnA2vdLG9VzYH+Q=,bYaGRo2enRO2UwLCFxXb5/gvr1c=
-6,3,y+V26rdZWyHzRnA2vdLG9VzYH+Q=,cOgVcyX0O9TOFKrF2iBvRTHOp+Y=
-7,4,y+V26rdZWyHzRnA2vdLG9VzYH+Q=,EworB8UZWd9M3asK3DaHZLBZom8=
-6,6,y+V26rdZWyHzRnA2vdLG9VzYH+Q=,Yyzu9WunzgVw/KIZw+DbGKmZN84=
-7,6,y+V26rdZWyHzRnA2vdLG9VzYH+Q=,ULg2bB8jIo8JtBiS3zc4a0IFODg=
-6,4,y+V26rdZWyHzRnA2vdLG9VzYH+Q=,Oq6w1YB74Eqoki2hvfB9P4kUvJ8=
-9,6,y+V26rdZWyHzRnA2vdLG9VzYH+Q=,6AJb7JQx/RSPts+YjWBPZ9WbWKc=
-8,6,y+V26rdZWyHzRnA2vdLG9VzYH+Q=,ULg2bB8jIo8JtBiS3zc4a0IFODg=
-8,4,y+V26rdZWyHzRnA2vdLG9VzYH+Q=,EworB8UZWd9M3asK3DaHZLBZom8=
-9,5,y+V26rdZWyHzRnA2vdLG9VzYH+Q=,vO0QjLv197xpGY39MlkTb+PrmBY=
-6,5,y+V26rdZWyHzRnA2vdLG9VzYH+Q=,Oq6w1YB74Eqoki2hvfB9P4kUvJ8=
-7,5,y+V26rdZWyHzRnA2vdLG9VzYH+Q=,EworB8UZWd9M3asK3DaHZLBZom8=
-7,3,y+V26rdZWyHzRnA2vdLG9VzYH+Q=,UrwDGoIoh831OxSk2RDAtg+Zz0Y=
-8,5,y+V26rdZWyHzRnA2vdLG9VzYH+Q=,EworB8UZWd9M3asK3DaHZLBZom8=
-3,28,kCrCcslYq8YoVIDmIApO/FkIDiM=,xVJ/COFsiZCuewwtEUAb2H6sDTc=
-2,28,kCrCcslYq8YoVIDmIApO/FkIDiM=,HZyI9XNy5EJZM2w/aZre4srpp7s=
-2,27,kCrCcslYq8YoVIDmIApO/FkIDiM=,VXS+ly4z3aknKS9vdwwo122h9lA=
-3,27,kCrCcslYq8YoVIDmIApO/FkIDiM=,A0oOuJOE0iUWis6JfvjjnnU/G24=
-3,30,kCrCcslYq8YoVIDmIApO/FkIDiM=,VkVjxbojxkPwvYP1cgPz5slOY24=
-3,29,kCrCcslYq8YoVIDmIApO/FkIDiM=,xVJ/COFsiZCuewwtEUAb2H6sDTc=
-2,29,kCrCcslYq8YoVIDmIApO/FkIDiM=,HZyI9XNy5EJZM2w/aZre4srpp7s=
-5,25,BIw+e5gkvs98P71E9/GTCamWSng=,Bw4mlOBxUzLlq8lI+Z+l52smgTU=
-4,26,BIw+e5gkvs98P71E9/GTCamWSng=,A0oOuJOE0iUWis6JfvjjnnU/G24=
-5,26,BIw+e5gkvs98P71E9/GTCamWSng=,zkbqNAhr3rE81MnaWbn8hCpzL7c=
-4,25,BIw+e5gkvs98P71E9/GTCamWSng=,Y2b0KO7RxzzbFqoKFT6VoEpeSGY=
-6,26,BIw+e5gkvs98P71E9/GTCamWSng=,zkbqNAhr3rE81MnaWbn8hCpzL7c=
-8,26,BIw+e5gkvs98P71E9/GTCamWSng=,OfqnlKabUHUSXJY5luaWBRzoa1I=
-7,26,BIw+e5gkvs98P71E9/GTCamWSng=,OfqnlKabUHUSXJY5luaWBRzoa1I=
-6,25,BIw+e5gkvs98P71E9/GTCamWSng=,Bw4mlOBxUzLlq8lI+Z+l52smgTU=
-8,27,BIw+e5gkvs98P71E9/GTCamWSng=,OfqnlKabUHUSXJY5luaWBRzoa1I=
-8,28,BIw+e5gkvs98P71E9/GTCamWSng=,hdu4Gtr90T1KAaJb4gQ+MOmmobY=
-6,28,BIw+e5gkvs98P71E9/GTCamWSng=,T4Yd41jRbV7slpz0YZfV7O4i95s=
-6,29,BIw+e5gkvs98P71E9/GTCamWSng=,T4Yd41jRbV7slpz0YZfV7O4i95s=
-5,27,BIw+e5gkvs98P71E9/GTCamWSng=,zkbqNAhr3rE81MnaWbn8hCpzL7c=
-5,30,BIw+e5gkvs98P71E9/GTCamWSng=,prtD5CbW1wm8/QRPpVUGcsHrU/0=
-7,29,BIw+e5gkvs98P71E9/GTCamWSng=,hdu4Gtr90T1KAaJb4gQ+MOmmobY=
-5,29,BIw+e5gkvs98P71E9/GTCamWSng=,T4Yd41jRbV7slpz0YZfV7O4i95s=
-4,30,BIw+e5gkvs98P71E9/GTCamWSng=,VkVjxbojxkPwvYP1cgPz5slOY24=
-7,27,BIw+e5gkvs98P71E9/GTCamWSng=,OfqnlKabUHUSXJY5luaWBRzoa1I=
-7,28,BIw+e5gkvs98P71E9/GTCamWSng=,hdu4Gtr90T1KAaJb4gQ+MOmmobY=
-6,30,BIw+e5gkvs98P71E9/GTCamWSng=,prtD5CbW1wm8/QRPpVUGcsHrU/0=
-7,30,BIw+e5gkvs98P71E9/GTCamWSng=,h8WNa+xIfedRk3Koyi1oP3V14pQ=
-6,27,BIw+e5gkvs98P71E9/GTCamWSng=,zkbqNAhr3rE81MnaWbn8hCpzL7c=
-4,28,BIw+e5gkvs98P71E9/GTCamWSng=,xVJ/COFsiZCuewwtEUAb2H6sDTc=
-4,27,BIw+e5gkvs98P71E9/GTCamWSng=,A0oOuJOE0iUWis6JfvjjnnU/G24=
-4,29,BIw+e5gkvs98P71E9/GTCamWSng=,xVJ/COFsiZCuewwtEUAb2H6sDTc=
-5,28,BIw+e5gkvs98P71E9/GTCamWSng=,T4Yd41jRbV7slpz0YZfV7O4i95s=
-4,24,BIw+e5gkvs98P71E9/GTCamWSng=,Y2b0KO7RxzzbFqoKFT6VoEpeSGY=
-5,24,BIw+e5gkvs98P71E9/GTCamWSng=,Bw4mlOBxUzLlq8lI+Z+l52smgTU=
-4,23,BIw+e5gkvs98P71E9/GTCamWSng=,3L/Kh1PuIelSQZLV3vdUiRSZzqU=
-5,23,BIw+e5gkvs98P71E9/GTCamWSng=,qiyrIeCF+f5XXykV+tNGZ5M9Znw=
-6,24,BIw+e5gkvs98P71E9/GTCamWSng=,Bw4mlOBxUzLlq8lI+Z+l52smgTU=
-6,23,BIw+e5gkvs98P71E9/GTCamWSng=,qiyrIeCF+f5XXykV+tNGZ5M9Znw=
-7,19,BIw+e5gkvs98P71E9/GTCamWSng=,4RnbULWdUvn2ph0UTMF5sG8cjVU=
-5,22,BIw+e5gkvs98P71E9/GTCamWSng=,qiyrIeCF+f5XXykV+tNGZ5M9Znw=
-5,19,BIw+e5gkvs98P71E9/GTCamWSng=,WtRhmsfDREypdEWLOQA8jQ8L1Sk=
-5,21,BIw+e5gkvs98P71E9/GTCamWSng=,RIKSJQSydxhWlpnvE2mVsjl4Zg4=
-6,21,BIw+e5gkvs98P71E9/GTCamWSng=,RIKSJQSydxhWlpnvE2mVsjl4Zg4=
-6,20,BIw+e5gkvs98P71E9/GTCamWSng=,RIKSJQSydxhWlpnvE2mVsjl4Zg4=
-4,22,BIw+e5gkvs98P71E9/GTCamWSng=,3L/Kh1PuIelSQZLV3vdUiRSZzqU=
-6,19,BIw+e5gkvs98P71E9/GTCamWSng=,WtRhmsfDREypdEWLOQA8jQ8L1Sk=
-6,22,BIw+e5gkvs98P71E9/GTCamWSng=,qiyrIeCF+f5XXykV+tNGZ5M9Znw=
-5,20,BIw+e5gkvs98P71E9/GTCamWSng=,RIKSJQSydxhWlpnvE2mVsjl4Zg4=
-5,18,BIw+e5gkvs98P71E9/GTCamWSng=,WtRhmsfDREypdEWLOQA8jQ8L1Sk=
-1,27,BIw+e5gkvs98P71E9/GTCamWSng=,VXS+ly4z3aknKS9vdwwo122h9lA=
-5,17,BIw+e5gkvs98P71E9/GTCamWSng=,/GlybpMAEFG180bVq+DjP3cn0HY=
-5,16,BIw+e5gkvs98P71E9/GTCamWSng=,/GlybpMAEFG180bVq+DjP3cn0HY=
-1,28,BIw+e5gkvs98P71E9/GTCamWSng=,HZyI9XNy5EJZM2w/aZre4srpp7s=
-8,29,BIw+e5gkvs98P71E9/GTCamWSng=,hdu4Gtr90T1KAaJb4gQ+MOmmobY=
-8,30,BIw+e5gkvs98P71E9/GTCamWSng=,h8WNa+xIfedRk3Koyi1oP3V14pQ=
-7,31,BIw+e5gkvs98P71E9/GTCamWSng=,h8WNa+xIfedRk3Koyi1oP3V14pQ=
-6,31,BIw+e5gkvs98P71E9/GTCamWSng=,prtD5CbW1wm8/QRPpVUGcsHrU/0=
-8,31,BIw+e5gkvs98P71E9/GTCamWSng=,h8WNa+xIfedRk3Koyi1oP3V14pQ=
-3,22,BIw+e5gkvs98P71E9/GTCamWSng=,3L/Kh1PuIelSQZLV3vdUiRSZzqU=
-8,19,BIw+e5gkvs98P71E9/GTCamWSng=,4RnbULWdUvn2ph0UTMF5sG8cjVU=
-1,29,BIw+e5gkvs98P71E9/GTCamWSng=,HZyI9XNy5EJZM2w/aZre4srpp7s=
-5,31,BIw+e5gkvs98P71E9/GTCamWSng=,prtD5CbW1wm8/QRPpVUGcsHrU/0=
-4,31,BIw+e5gkvs98P71E9/GTCamWSng=,VkVjxbojxkPwvYP1cgPz5slOY24=
-3,31,BIw+e5gkvs98P71E9/GTCamWSng=,VkVjxbojxkPwvYP1cgPz5slOY24=
-6,16,BIw+e5gkvs98P71E9/GTCamWSng=,/GlybpMAEFG180bVq+DjP3cn0HY=
-7,18,3ukybE+mDMSR3QA3rbnjga7wXpU=,4RnbULWdUvn2ph0UTMF5sG8cjVU=
-8,16,3ukybE+mDMSR3QA3rbnjga7wXpU=,ic5cudszP5xfjT2eoyvHMRAge3M=
-8,17,3ukybE+mDMSR3QA3rbnjga7wXpU=,ic5cudszP5xfjT2eoyvHMRAge3M=
-8,18,3ukybE+mDMSR3QA3rbnjga7wXpU=,4RnbULWdUvn2ph0UTMF5sG8cjVU=
-7,17,3ukybE+mDMSR3QA3rbnjga7wXpU=,ic5cudszP5xfjT2eoyvHMRAge3M=
-6,17,3ukybE+mDMSR3QA3rbnjga7wXpU=,/GlybpMAEFG180bVq+DjP3cn0HY=
-7,16,3ukybE+mDMSR3QA3rbnjga7wXpU=,ic5cudszP5xfjT2eoyvHMRAge3M=
-6,18,3ukybE+mDMSR3QA3rbnjga7wXpU=,WtRhmsfDREypdEWLOQA8jQ8L1Sk=
-2,26,3ukybE+mDMSR3QA3rbnjga7wXpU=,VXS+ly4z3aknKS9vdwwo122h9lA=
-3,23,3ukybE+mDMSR3QA3rbnjga7wXpU=,3L/Kh1PuIelSQZLV3vdUiRSZzqU=
-2,24,3ukybE+mDMSR3QA3rbnjga7wXpU=,6ZvANndNnMHhgDGLlzn2IG5+UC0=
-3,25,3ukybE+mDMSR3QA3rbnjga7wXpU=,Y2b0KO7RxzzbFqoKFT6VoEpeSGY=
-1,24,3ukybE+mDMSR3QA3rbnjga7wXpU=,6ZvANndNnMHhgDGLlzn2IG5+UC0=
-1,26,3ukybE+mDMSR3QA3rbnjga7wXpU=,VXS+ly4z3aknKS9vdwwo122h9lA=
-2,25,3ukybE+mDMSR3QA3rbnjga7wXpU=,6ZvANndNnMHhgDGLlzn2IG5+UC0=
-1,25,3ukybE+mDMSR3QA3rbnjga7wXpU=,6ZvANndNnMHhgDGLlzn2IG5+UC0=
-3,26,3ukybE+mDMSR3QA3rbnjga7wXpU=,A0oOuJOE0iUWis6JfvjjnnU/G24=
-3,24,3ukybE+mDMSR3QA3rbnjga7wXpU=,Y2b0KO7RxzzbFqoKFT6VoEpeSGY=
