-1,-1,veQ5Mc/64TS0NBdbV16ExDL5QOU=,SZ1iHcJ+U1HGDbtOlEgm85/SoYo=
-1,-2,veQ5Mc/64TS0NBdbV16ExDL5QOU=,29FKt6CFaXquTrUCd13CuT8besM=
-1,-3,veQ5Mc/64TS0NBdbV16ExDL5QOU=,C+aysV8wkqBcrJPTKFUCjE+i3Ro=
-1,-4,veQ5Mc/64TS0NBdbV16ExDL5QOU=,7WiL8CDEGvHUkGpGXZvqGaVYJ0U=
-1,-5,veQ5Mc/64TS0NBdbV16ExDL5QOU=,ncABT+uG82qh87K4TTO5ll5uP+s=
-1,-6,veQ5Mc/64TS0NBdbV16ExDL5QOU=,ncABT+uG82qh87K4TTO5ll5uP+s=
-1,-7,veQ5Mc/64TS0NBdbV16ExDL5QOU=,HOaKQuuWVUUN0onyZzyPPxu1Wn0=
-1,-8,veQ5Mc/64TS0NBdbV16ExDL5QOU=,/Q0wnu3+4nojha2ouXpznBLfFag=
-1,-9,jSAEl9XZSMLJCHIBQKfe6jNg98g=,6Viv60iua0vqEE+5hkmYurgSy+I=
-1,-10,jSAEl9XZSMLJCHIBQKfe6jNg98g=,ATDtoGBvYGuaAOX5wD8bbAZvo8U=
-1,-11,jSAEl9XZSMLJCHIBQKfe6jNg98g=,JsHem7zryui70P9lqHMm9/X2BV0=
-1,-12,jSAEl9XZSMLJCHIBQKfe6jNg98g=,JsHem7zryui70P9lqHMm9/X2BV0=
-1,-13,jSAEl9XZSMLJCHIBQKfe6jNg98g=,JsHem7zryui70P9lqHMm9/X2BV0=
-1,-14,jSAEl9XZSMLJCHIBQKfe6jNg98g=,mgAu2QAay/bbax8u/4YaRarq7+U=
-1,-15,jSAEl9XZSMLJCHIBQKfe6jNg98g=,Uo3Z7ZiXsW7V+kpr0xIsy7sY0Bs=
-1,-16,jSAEl9XZSMLJCHIBQKfe6jNg98g=,JsHem7zryui70P9lqHMm9/X2BV0=
-1,-17,jSAEl9XZSMLJCHIBQKfe6jNg98g=,XmRvW3JMqzkc96HBNXhD7w27Y3s=
-1,-18,jSAEl9XZSMLJCHIBQKfe6jNg98g=,XmRvW3JMqzkc96HBNXhD7w27Y3s=
-1,-19,jSAEl9XZSMLJCHIBQKfe6jNg98g=,XmRvW3JMqzkc96HBNXhD7w27Y3s=
-1,-20,jSAEl9XZSMLJCHIBQKfe6jNg98g=,XmRvW3JMqzkc96HBNXhD7w27Y3s=
-1,-21,jSAEl9XZSMLJCHIBQKfe6jNg98g=,XmRvW3JMqzkc96HBNXhD7w27Y3s=
-2,-2,jSAEl9XZSMLJCHIBQKfe6jNg98g=,Z+wDSvvHvVZuVReO25Sm5uuVfDs=
-2,-1,jSAEl9XZSMLJCHIBQKfe6jNg98g=,IaMX2Ppnq7tJH3oz0v5mNm6DBwY=
-2,-4,jSAEl9XZSMLJCHIBQKfe6jNg98g=,9BrDX0l39/xW0MB5cJBZZr67/ew=
-2,-3,jSAEl9XZSMLJCHIBQKfe6jNg98g=,sbf3I7h4IXkAKw13qKbimiM/V8Q=
-2,-6,jSAEl9XZSMLJCHIBQKfe6jNg98g=,46oWyFeKHGttU1pGD6LByhlpyss=
-2,-5,jSAEl9XZSMLJCHIBQKfe6jNg98g=,C+aysV8wkqBcrJPTKFUCjE+i3Ro=
-2,-10,jSAEl9XZSMLJCHIBQKfe6jNg98g=,ITQFEEmjkiyQYl006pBAYSkREK0=
-2,-9,jSAEl9XZSMLJCHIBQKfe6jNg98g=,BUiBwMKaf44OPTkOyQeK2epXcH8=
-2,-12,jSAEl9XZSMLJCHIBQKfe6jNg98g=,JsHem7zryui70P9lqHMm9/X2BV0=
-2,-11,jSAEl9XZSMLJCHIBQKfe6jNg98g=,ATDtoGBvYGuaAOX5wD8bbAZvo8U=
-2,-14,jSAEl9XZSMLJCHIBQKfe6jNg98g=,c4tHx2rXqGh3kn7dDnxk0fmbjoU=
-2,-13,jSAEl9XZSMLJCHIBQKfe6jNg98g=,JsHem7zryui70P9lqHMm9/X2BV0=
-2,-16,jSAEl9XZSMLJCHIBQKfe6jNg98g=,Uo3Z7ZiXsW7V+kpr0xIsy7sY0Bs=
-2,-15,jSAEl9XZSMLJCHIBQKfe6jNg98g=,CODierRu65i7ooMbbuhaMKidYRQ=
-2,-18,jSAEl9XZSMLJCHIBQKfe6jNg98g=,XmRvW3JMqzkc96HBNXhD7w27Y3s=
-2,-17,jSAEl9XZSMLJCHIBQKfe6jNg98g=,XmRvW3JMqzkc96HBNXhD7w27Y3s=
-2,-20,jSAEl9XZSMLJCHIBQKfe6jNg98g=,XmRvW3JMqzkc96HBNXhD7w27Y3s=
-2,-19,jSAEl9XZSMLJCHIBQKfe6jNg98g=,XmRvW3JMqzkc96HBNXhD7w27Y3s=
-2,-21,9Yju4ITls5zDt12D0l1hfOLvvDM=,XmRvW3JMqzkc96HBNXhD7w27Y3s=
-3,-3,9Yju4ITls5zDt12D0l1hfOLvvDM=,jiyBrKVBB0889QRtHgE0yvRY6uk=
-3,-4,9Yju4ITls5zDt12D0l1hfOLvvDM=,Rc/zyUdPQcipobQp/83dPnYjezA=
-3,-1,9Yju4ITls5zDt12D0l1hfOLvvDM=,jLGQ57MP8pdUuym+azENtR0dpLo=
-3,-2,9Yju4ITls5zDt12D0l1hfOLvvDM=,LaTVfZweSdVXhhkMVTKeplVByKE=
-3,-7,9Yju4ITls5zDt12D0l1hfOLvvDM=,/Q0wnu3+4nojha2ouXpznBLfFag=
-3,-8,9Yju4ITls5zDt12D0l1hfOLvvDM=,/Q0wnu3+4nojha2ouXpznBLfFag=
-3,-5,9Yju4ITls5zDt12D0l1hfOLvvDM=,Rc/zyUdPQcipobQp/83dPnYjezA=
-3,-6,9Yju4ITls5zDt12D0l1hfOLvvDM=,myDQ66sNJnJI1HtMIDL9ZirVmUE=
-3,-9,9Yju4ITls5zDt12D0l1hfOLvvDM=,BUiBwMKaf44OPTkOyQeK2epXcH8=
-3,-15,9Yju4ITls5zDt12D0l1hfOLvvDM=,R8pD6YEQ1YqL5OiP2GPd8lpz+wI=
-3,-16,9Yju4ITls5zDt12D0l1hfOLvvDM=,X6ibKlieg3Go6oejiVhG+fH4DCY=
-3,-14,9Yju4ITls5zDt12D0l1hfOLvvDM=,ho46lGUkQOeSoT9WxaoGgaD1iAg=
-3,-19,9Yju4ITls5zDt12D0l1hfOLvvDM=,XmRvW3JMqzkc96HBNXhD7w27Y3s=
-3,-20,9Yju4ITls5zDt12D0l1hfOLvvDM=,XmRvW3JMqzkc96HBNXhD7w27Y3s=
-3,-21,9Yju4ITls5zDt12D0l1hfOLvvDM=,XmRvW3JMqzkc96HBNXhD7w27Y3s=
-4,-4,9Yju4ITls5zDt12D0l1hfOLvvDM=,EWtKdLe6s9HDRgLM1XR67V7kzlQ=
-4,-3,9Yju4ITls5zDt12D0l1hfOLvvDM=,BRizjfDJgpHiroIiJR4QLWoLGWk=
-4,-2,9Yju4ITls5zDt12D0l1hfOLvvDM=,Fos+3eqBHdrtzaLmWNded19DUQ0=
-4,-1,9Yju4ITls5zDt12D0l1hfOLvvDM=,ZCmSToqZqqyVdcRUXLuXq+kLlCU=
-4,-8,9Yju4ITls5zDt12D0l1hfOLvvDM=,/Q0wnu3+4nojha2ouXpznBLfFag=
-4,-7,efdysSUlgUSEYnEOrk2migw0DUE=,/Q0wnu3+4nojha2ouXpznBLfFag=
-4,-6,efdysSUlgUSEYnEOrk2migw0DUE=,8bjUgjImRQ9FtlqcBFx4VHmCIhw=
-4,-5,efdysSUlgUSEYnEOrk2migw0DUE=,CAWplVrnEGdbEa+A0fqSu7mYnc8=
-4,-12,efdysSUlgUSEYnEOrk2migw0DUE=,mgAu2QAay/bbax8u/4YaRarq7+U=
-4,-11,efdysSUlgUSEYnEOrk2migw0DUE=,HOhIXFco9ZCDD5eO4jnt2zg2z1A=
-4,-10,efdysSUlgUSEYnEOrk2migw0DUE=,WzFhHZVwpIGfmh0ClHBcaKkGp2I=
-4,-9,efdysSUlgUSEYnEOrk2migw0DUE=,BUiBwMKaf44OPTkOyQeK2epXcH8=
-4,-15,efdysSUlgUSEYnEOrk2migw0DUE=,y2aCRU5OoR/aL5xuwxDkF7h9+B4=
-4,-14,efdysSUlgUSEYnEOrk2migw0DUE=,vSLo1A+yBU8osB84aBnH8vN3Uvw=
-4,-13,efdysSUlgUSEYnEOrk2migw0DUE=,ho46lGUkQOeSoT9WxaoGgaD1iAg=
-5,-5,efdysSUlgUSEYnEOrk2migw0DUE=,Y3TnIuihqrejc7z+fswCIetYLq4=
-5,-6,efdysSUlgUSEYnEOrk2migw0DUE=,4f+hPDEklsxDCtR3gyb0/vwbTAE=
-5,-1,efdysSUlgUSEYnEOrk2migw0DUE=,CWIdJBsAXKIQ0Wu1ruFJkZnuZs0=
-5,-2,efdysSUlgUSEYnEOrk2migw0DUE=,rQWW6KKP2Vnd8NMZxWcCZukBvPs=
-5,-3,efdysSUlgUSEYnEOrk2migw0DUE=,QU2O6nIHzosU7fWoN/Otx3fWAks=
-5,-14,efdysSUlgUSEYnEOrk2migw0DUE=,nOpP4hKRdBWQO5OBDRdHsW5p32g=
-5,-9,gkQR4xcPF3FaK/peoEHx76HkVbM=,Gkt5bx6nexom8okS5BP06N5RLYI=
-6,-6,gkQR4xcPF3FaK/peoEHx76HkVbM=,8/kA97C6gTo7oFcdClr80XexU5o=
-6,-8,gkQR4xcPF3FaK/peoEHx76HkVbM=,/Q0wnu3+4nojha2ouXpznBLfFag=
-6,-7,gkQR4xcPF3FaK/peoEHx76HkVbM=,/oVpXqXS+7uyQwkES7ZTa9z1m9Y=
-6,-2,gkQR4xcPF3FaK/peoEHx76HkVbM=,xx/vWXqkMBEFw1Exwzgiac86I8U=
-6,-1,gkQR4xcPF3FaK/peoEHx76HkVbM=,CWIdJBsAXKIQ0Wu1ruFJkZnuZs0=
-6,-14,gkQR4xcPF3FaK/peoEHx76HkVbM=,JsHem7zryui70P9lqHMm9/X2BV0=
-6,-9,gkQR4xcPF3FaK/peoEHx76HkVbM=,JsHem7zryui70P9lqHMm9/X2BV0=
-7,-7,gkQR4xcPF3FaK/peoEHx76HkVbM=,atPSWJ76PIwvjdMeWeiCVoAxin0=
-7,-8,gkQR4xcPF3FaK/peoEHx76HkVbM=,/Q0wnu3+4nojha2ouXpznBLfFag=
-7,-6,gkQR4xcPF3FaK/peoEHx76HkVbM=,kIkU+AfZ9h9a7qHznDX3e8+ca/Q=
-7,-1,gkQR4xcPF3FaK/peoEHx76HkVbM=,CWIdJBsAXKIQ0Wu1ruFJkZnuZs0=
-7,-2,gkQR4xcPF3FaK/peoEHx76HkVbM=,xx/vWXqkMBEFw1Exwzgiac86I8U=
-7,-14,gkQR4xcPF3FaK/peoEHx76HkVbM=,JsHem7zryui70P9lqHMm9/X2BV0=
-8,-8,gkQR4xcPF3FaK/peoEHx76HkVbM=,/Q0wnu3+4nojha2ouXpznBLfFag=
-8,-7,lTHTKsooqkum6/+I1lqW2E5wtns=,/Q0wnu3+4nojha2ouXpznBLfFag=
-8,-2,lTHTKsooqkum6/+I1lqW2E5wtns=,xx/vWXqkMBEFw1Exwzgiac86I8U=
-8,-1,lTHTKsooqkum6/+I1lqW2E5wtns=,CWIdJBsAXKIQ0Wu1ruFJkZnuZs0=
-8,-14,lTHTKsooqkum6/+I1lqW2E5wtns=,JsHem7zryui70P9lqHMm9/X2BV0=
-9,-14,lTHTKsooqkum6/+I1lqW2E5wtns=,PAY3tTYRM1G/w+LrL3nuYr29kq4=
-9,-1,lTHTKsooqkum6/+I1lqW2E5wtns=,fdant3G46XceRzQMSGjYksprHyw=
-9,-2,lTHTKsooqkum6/+I1lqW2E5wtns=,CzVJsJJQMm2XvX0GvFyOYFuZ7+g=
-9,-7,lTHTKsooqkum6/+I1lqW2E5wtns=,fdant3G46XceRzQMSGjYksprHyw=
-9,-8,lTHTKsooqkum6/+I1lqW2E5wtns=,fdant3G46XceRzQMSGjYksprHyw=
-10,-14,wrJCJ5yHNt49lwc/zLJSxQRnOpc=,PAY3tTYRM1G/w+LrL3nuYr29kq4=
-10,-2,wrJCJ5yHNt49lwc/zLJSxQRnOpc=,fdant3G46XceRzQMSGjYksprHyw=
-10,-3,wrJCJ5yHNt49lwc/zLJSxQRnOpc=,6nGr86iMF6VTjTj1Qs0fhNlQ5bo=
-10,-8,wrJCJ5yHNt49lwc/zLJSxQRnOpc=,fdant3G46XceRzQMSGjYksprHyw=
-10,-7,wrJCJ5yHNt49lwc/zLJSxQRnOpc=,fdant3G46XceRzQMSGjYksprHyw=
-11,-14,wrJCJ5yHNt49lwc/zLJSxQRnOpc=,PAY3tTYRM1G/w+LrL3nuYr29kq4=
-11,-3,j/vBAROQ4m/8YUBZSuQx/2DbiJA=,eA3uarcpDTFKnHZ1M0IhqisI+/8=
-11,-4,j/vBAROQ4m/8YUBZSuQx/2DbiJA=,ySxHZLUmZ6PvSbH1LQ/J7gM8tW0=
-11,-2,j/vBAROQ4m/8YUBZSuQx/2DbiJA=,ck9JTobddIK/6USJaIURWfyc6o8=
-11,-7,j/vBAROQ4m/8YUBZSuQx/2DbiJA=,fdant3G46XceRzQMSGjYksprHyw=
-11,-8,j/vBAROQ4m/8YUBZSuQx/2DbiJA=,fdant3G46XceRzQMSGjYksprHyw=
-12,-14,j/vBAROQ4m/8YUBZSuQx/2DbiJA=,PAY3tTYRM1G/w+LrL3nuYr29kq4=
-12,-4,j/vBAROQ4m/8YUBZSuQx/2DbiJA=,tN3Y0rohzFH/EJS8V9u2TAQtXqg=
-12,-3,j/vBAROQ4m/8YUBZSuQx/2DbiJA=,Gw98ALai8jJlRP4/0aTEa3VVrW0=
-12,-2,j/vBAROQ4m/8YUBZSuQx/2DbiJA=,H45SobOEJMaewWkpCaeh2lONLs8=
-13,-14,/PEAFWvM238BN5WjdHE4Fvw8770=,PAY3tTYRM1G/w+LrL3nuYr29kq4=
-13,-2,/PEAFWvM238BN5WjdHE4Fvw8770=,gOTZ+Ve3Ur2SEzglPX04eaKqRQk=
-13,-3,/PEAFWvM238BN5WjdHE4Fvw8770=,tN3Y0rohzFH/EJS8V9u2TAQtXqg=
-13,-4,/PEAFWvM238BN5WjdHE4Fvw8770=,fdant3G46XceRzQMSGjYksprHyw=
-14,-14,/PEAFWvM238BN5WjdHE4Fvw8770=,PAY3tTYRM1G/w+LrL3nuYr29kq4=
-15,-14,/PEAFWvM238BN5WjdHE4Fvw8770=,HwUcn8mXlio35tk0CgyCoNajdjg=
-16,-15,/PEAFWvM238BN5WjdHE4Fvw8770=,VVfH6Maql//gUuqFXv231mYFmLE=
-16,-14,/PEAFWvM238BN5WjdHE4Fvw8770=,WlgIjZ3dNH8NEXNEXbiA9HZMHgY=
-17,-1,/PEAFWvM238BN5WjdHE4Fvw8770=,fdant3G46XceRzQMSGjYksprHyw=
-17,-14,/PEAFWvM238BN5WjdHE4Fvw8770=,TgXEYNnF5h8JBJc4yp6ObvTLJfU=
-17,-15,/PEAFWvM238BN5WjdHE4Fvw8770=,EjHkHHUnd/KYmmniva1/BUbkmDc=
-18,-14,/PEAFWvM238BN5WjdHE4Fvw8770=,TgXEYNnF5h8JBJc4yp6ObvTLJfU=
-18,-15,/PEAFWvM238BN5WjdHE4Fvw8770=,TgXEYNnF5h8JBJc4yp6ObvTLJfU=
-19,-15,/PEAFWvM238BN5WjdHE4Fvw8770=,SknetJaJqm1J0dgBIGmT995gC5k=
-19,-13,/PEAFWvM238BN5WjdHE4Fvw8770=,TgXEYNnF5h8JBJc4yp6ObvTLJfU=
-19,-14,/PEAFWvM238BN5WjdHE4Fvw8770=,lfBOJeVSb1te105bxCyivmWAq3A=
-20,-16,/PEAFWvM238BN5WjdHE4Fvw8770=,U96PCWVJ3lCyl8BycDozq2H6N+0=
-20,-15,/PEAFWvM238BN5WjdHE4Fvw8770=,RUPHk0nl9oIrzoMdy0SxZ2a4hko=
-20,-14,/PEAFWvM238BN5WjdHE4Fvw8770=,JTZy0HdMSi/vZiwkzTvQGZhX8EM=
-20,-13,/PEAFWvM238BN5WjdHE4Fvw8770=,SknetJaJqm1J0dgBIGmT995gC5k=
-21,-15,/PEAFWvM238BN5WjdHE4Fvw8770=,Y1nRBIXLYGATmwsqkDUY6CAW3co=
